timestamp,code,open,high,low,close,volume,amount
2021-12-22,sh.688248,32.0000000000,32.3400000000,25.5500000000,27.5000000000,61556740,1714085143.7900
2021-12-23,sh.688248,26.5000000000,29.9000000000,25.8800000000,27.7700000000,44600424,1233469883.6300
2021-12-24,sh.688248,27.5000000000,27.9200000000,25.6600000000,26.3000000000,26338438,700703615.9400
2021-12-27,sh.688248,26.0500000000,27.0800000000,24.0000000000,24.0000000000,23186272,589695709.1500
2021-12-28,sh.688248,23.6000000000,23.9000000000,22.7500000000,23.0800000000,16355230,378584612.8100
2021-12-29,sh.688248,23.1800000000,23.5900000000,22.5600000000,23.0200000000,9571828,221708285.2600
2021-12-30,sh.688248,23.0900000000,24.4000000000,22.8900000000,23.7200000000,11675393,277466944.9500
2021-12-31,sh.688248,23.9400000000,25.0200000000,23.0800000000,23.1000000000,10185946,244085351.1500
2022-01-04,sh.688248,23.3800000000,23.3800000000,21.6000000000,21.8300000000,13966715,311077081.7500
2022-01-05,sh.688248,21.6500000000,22.0500000000,21.0600000000,21.6200000000,8423178,180716323.9300
2022-01-06,sh.688248,21.5000000000,22.1700000000,21.2600000000,21.7600000000,6395897,139598506.1200
2022-01-07,sh.688248,21.6700000000,22.2200000000,21.1200000000,22.0400000000,9720573,211295292.6400
2022-01-10,sh.688248,21.9900000000,22.5800000000,21.4100000000,21.5700000000,7482332,163412464.4300
2022-01-11,sh.688248,21.4100000000,21.9600000000,20.9200000000,20.9300000000,8298328,177627215.9200
2022-01-12,sh.688248,21.5500000000,22.1100000000,21.3400000000,21.8800000000,10622078,231041488.5000
2022-01-13,sh.688248,21.6600000000,23.2200000000,21.3300000000,22.6400000000,15591691,349203359.2400
2022-01-14,sh.688248,22.2800000000,22.9000000000,22.1100000000,22.1600000000,7230484,162202488.7200
2022-01-17,sh.688248,21.9700000000,22.9000000000,21.6500000000,22.6500000000,7872876,176186540.5700
2022-01-18,sh.688248,22.7900000000,23.7000000000,22.1300000000,23.4200000000,11109696,256249795.6600
2022-01-19,sh.688248,23.0800000000,23.4500000000,22.3700000000,22.5000000000,7593351,172737457.9800
2022-01-20,sh.688248,22.4500000000,22.5000000000,21.2300000000,21.2800000000,5784624,125942678.2300
2022-01-21,sh.688248,21.0500000000,21.5000000000,20.2000000000,20.3200000000,6035796,126094527.0700
2022-01-24,sh.688248,20.0400000000,20.9200000000,20.0100000000,20.3900000000,3563383,72957013.6600
2022-01-25,sh.688248,20.3400000000,20.9000000000,20.0400000000,20.1100000000,3634322,74417414.0000
2022-01-26,sh.688248,20.6600000000,21.5000000000,20.3300000000,20.8900000000,4649716,97154359.6600
2022-01-27,sh.688248,20.1500000000,21.1500000000,20.1000000000,20.3100000000,4084078,84109333.5100
2022-01-28,sh.688248,20.4500000000,20.8200000000,20.1100000000,20.2600000000,2501411,51052358.3900
2022-02-07,sh.688248,20.7000000000,21.0000000000,20.4900000000,20.6600000000,2287788,47337518.6400
2022-02-08,sh.688248,20.7700000000,20.8400000000,19.3100000000,19.9300000000,5459517,108854419.6500
2022-02-09,sh.688248,19.7200000000,19.9300000000,19.0300000000,19.8200000000,5274854,102887124.6200
2022-02-10,sh.688248,19.6500000000,19.7000000000,19.1100000000,19.2200000000,4937373,95330201.4600
2022-02-11,sh.688248,19.0900000000,19.2300000000,18.1000000000,18.1400000000,4991087,92983067.5200
2022-02-14,sh.688248,18.0100000000,18.4000000000,17.8000000000,18.0200000000,2343842,42442092.1300
2022-02-15,sh.688248,18.1800000000,18.3900000000,18.0700000000,18.3400000000,2338549,42726778.5600
2022-02-16,sh.688248,18.3400000000,18.6500000000,18.3300000000,18.4700000000,1905931,35188752.7600
2022-02-17,sh.688248,18.4100000000,19.6700000000,18.2900000000,19.1000000000,5017686,95631708.5200
2022-02-18,sh.688248,18.9000000000,19.1800000000,18.7500000000,18.8400000000,2405907,45405694.1100
2022-02-21,sh.688248,19.0500000000,19.8700000000,18.9000000000,19.6400000000,4792584,93268742.0600
2022-02-22,sh.688248,19.3800000000,19.5800000000,18.9000000000,19.0300000000,3589243,68821804.1600
2022-02-23,sh.688248,19.2000000000,19.3900000000,19.0100000000,19.3000000000,3081329,59369318.4700
2022-02-24,sh.688248,19.3700000000,19.7800000000,18.5100000000,18.7400000000,5216380,99901764.7300
2022-02-25,sh.688248,19.0300000000,19.7600000000,19.0000000000,19.3900000000,4760447,92844848.6700
2022-02-28,sh.688248,19.2300000000,19.6400000000,19.0300000000,19.4000000000,2842848,55045590.0000
2022-03-01,sh.688248,19.3000000000,19.7800000000,19.3000000000,19.5900000000,2737927,53525494.0000
2022-03-02,sh.688248,19.4000000000,20.5000000000,19.1300000000,20.1100000000,5238153,104154322.0000
2022-03-03,sh.688248,20.4800000000,22.0800000000,20.3900000000,20.6200000000,11518133,243927810.0000
2022-03-04,sh.688248,20.5000000000,21.0900000000,20.1200000000,20.2100000000,5278972,108543101.0000
2022-03-07,sh.688248,20.0300000000,20.2700000000,19.2100000000,19.3800000000,5166358,101457077.0000
2022-03-08,sh.688248,19.3400000000,19.4700000000,18.6800000000,18.7500000000,4134784,78752174.0000
2022-03-09,sh.688248,18.9900000000,19.2600000000,17.9500000000,18.6900000000,4420504,82668104.0000
2022-03-10,sh.688248,19.1400000000,19.9500000000,19.0600000000,19.4000000000,5711473,111532258.0000
2022-03-11,sh.688248,19.1000000000,19.3200000000,18.1800000000,19.0300000000,5402212,101522635.0000
2022-03-14,sh.688248,18.8300000000,18.9300000000,17.7200000000,17.7300000000,5902547,107782386.0000
2022-03-15,sh.688248,17.7500000000,17.8300000000,16.2800000000,16.3200000000,5949330,101022985.0000
2022-03-16,sh.688248,16.7300000000,16.9500000000,16.0200000000,16.8700000000,4077621,67571848.0000
2022-03-17,sh.688248,17.0800000000,18.0000000000,17.0700000000,17.5300000000,5263231,92310290.0000
2022-03-18,sh.688248,17.2100000000,18.4400000000,17.2100000000,17.7500000000,3803329,67932886.5800
2022-03-21,sh.688248,17.5600000000,18.0300000000,17.4800000000,17.8200000000,3233936,57541628.3100
2022-03-22,sh.688248,18.0100000000,18.4000000000,17.4400000000,17.6400000000,3323115,59202468.1200
2022-03-23,sh.688248,18.2000000000,18.6200000000,18.0300000000,18.3000000000,5076814,93102616.9400
2022-03-24,sh.688248,18.4000000000,19.1400000000,18.2800000000,18.3400000000,6352809,118462547.4100
2022-03-25,sh.688248,17.9700000000,18.1700000000,17.1900000000,17.7300000000,4443677,79203757.6100
2022-03-28,sh.688248,17.3500000000,17.5900000000,17.1100000000,17.3500000000,2690129,46546753.3900
2022-03-29,sh.688248,17.3000000000,17.4100000000,17.0000000000,17.0400000000,1947072,33396054.6200
2022-03-30,sh.688248,17.3100000000,17.8800000000,17.2600000000,17.8400000000,3129853,55046609.9200
2022-03-31,sh.688248,17.7000000000,17.8400000000,17.2100000000,17.2700000000,2222366,38754866.9400
2022-04-01,sh.688248,17.2000000000,17.5500000000,17.0800000000,17.3000000000,1784963,30910946.5200
2022-04-06,sh.688248,17.3300000000,17.3500000000,16.9100000000,17.0200000000,1930729,32888510.6300
2022-04-07,sh.688248,17.0500000000,17.0500000000,16.4800000000,16.6000000000,2374222,39515660.4400
2022-04-08,sh.688248,16.5900000000,16.6500000000,16.1500000000,16.3000000000,1815189,29723839.1700
2022-04-11,sh.688248,16.3100000000,16.3500000000,15.3900000000,15.4400000000,2847537,44783913.6200
2022-04-12,sh.688248,15.4100000000,16.0700000000,15.0800000000,16.0000000000,2972279,46085730.2100
2022-04-13,sh.688248,15.8800000000,15.9000000000,15.4200000000,15.4200000000,1637007,25646998.6700
2022-04-14,sh.688248,15.4900000000,15.7400000000,15.3200000000,15.4700000000,1559104,24163199.1000
2022-04-15,sh.688248,15.4500000000,15.5700000000,15.0600000000,15.0900000000,1312733,19990701.0600
2022-04-18,sh.688248,15.1000000000,15.5800000000,14.7100000000,15.3800000000,1380354,20866541.2400
2022-04-19,sh.688248,15.2800000000,15.6500000000,15.2100000000,15.3200000000,967262,14940515.6400
2022-04-20,sh.688248,15.4200000000,15.4700000000,15.0100000000,15.0800000000,990925,15091580.4300
2022-04-21,sh.688248,15.0100000000,15.2000000000,14.3800000000,14.4600000000,1861098,27493946.2400
2022-04-22,sh.688248,14.3300000000,14.7500000000,14.3300000000,14.4800000000,1646667,23990243.6900
2022-04-25,sh.688248,14.3000000000,14.3700000000,12.9800000000,13.1400000000,3279913,44549604.5400
2022-04-26,sh.688248,13.2400000000,13.3800000000,12.7900000000,12.8500000000,1698302,22227452.1100
2022-04-27,sh.688248,12.5400000000,13.3900000000,12.5400000000,13.3500000000,2073411,26977569.6200
2022-04-28,sh.688248,13.3300000000,14.0400000000,13.1900000000,13.4200000000,2592979,35330896.2600
2022-04-29,sh.688248,13.5400000000,14.1100000000,13.5200000000,14.1000000000,2386540,33114815.5400
2022-05-05,sh.688248,14.1100000000,14.4600000000,14.0000000000,14.1900000000,1691241,24145088.7000
2022-05-06,sh.688248,13.8400000000,14.2600000000,13.8200000000,14.0700000000,1510217,21246785.8000
2022-05-09,sh.688248,14.0000000000,14.3800000000,14.0000000000,14.3300000000,1451808,20687583.1500
2022-05-10,sh.688248,14.1600000000,15.2500000000,13.9200000000,15.0700000000,3136865,46708276.1000
2022-05-11,sh.688248,14.9600000000,16.4500000000,14.9300000000,15.8700000000,6955441,110815309.7500
2022-05-12,sh.688248,15.6000000000,17.1200000000,15.6000000000,16.5700000000,5333817,88564962.9900
2022-05-13,sh.688248,16.6100000000,17.3800000000,16.3700000000,17.2200000000,4549569,76895958.3200
2022-05-16,sh.688248,17.5900000000,17.5900000000,16.7400000000,16.8500000000,2334933,39760869.6000
2022-05-17,sh.688248,16.9700000000,16.9800000000,16.5300000000,16.7700000000,1767824,29528674.4300
2022-05-18,sh.688248,16.8200000000,17.1500000000,16.6900000000,16.7700000000,1434281,24300924.5400
2022-05-19,sh.688248,16.5900000000,17.1800000000,16.4200000000,16.9900000000,1780241,30129114.3300
2022-05-20,sh.688248,16.9700000000,17.6000000000,16.9600000000,17.3100000000,1957438,33848369.2400
2022-05-23,sh.688248,17.5900000000,17.5900000000,16.9800000000,17.1100000000,1490449,25509980.4200
2022-05-24,sh.688248,17.1100000000,17.4800000000,16.1500000000,16.1900000000,3243751,54251982.2500
2022-05-25,sh.688248,16.3500000000,17.6100000000,16.0800000000,17.4600000000,4760217,80872429.2600
2022-05-26,sh.688248,17.2200000000,18.3900000000,17.1400000000,18.2900000000,6965557,125504258.5100
2022-05-27,sh.688248,18.3000000000,19.1000000000,18.1100000000,18.1200000000,4847806,89818900.8200
2022-05-30,sh.688248,18.5300000000,19.4800000000,18.2100000000,19.4000000000,5741170,108754513.1200
2022-05-31,sh.688248,19.5400000000,19.8200000000,18.9100000000,19.3100000000,3627582,70214901.3500
2022-06-01,sh.688248,19.2600000000,20.4900000000,19.0100000000,20.0100000000,5529254,109011967.6700
2022-06-02,sh.688248,19.7500000000,22.1100000000,19.5500000000,21.2900000000,9851704,206006266.9100
2022-06-06,sh.688248,21.2800000000,22.9800000000,21.1000000000,22.4100000000,9493061,211445893.9800
2022-06-07,sh.688248,22.3600000000,22.6800000000,21.7200000000,22.3600000000,6823180,151512121.9600
2022-06-08,sh.688248,22.4700000000,22.6900000000,21.6000000000,22.5200000000,6090300,134627223.0000
2022-06-09,sh.688248,22.2600000000,22.7700000000,22.0000000000,22.2000000000,3819395,85531687.4200
2022-06-10,sh.688248,22.1300000000,23.9800000000,22.0000000000,23.7900000000,4420313,103028074.1400
2022-06-13,sh.688248,23.6800000000,25.5000000000,23.2000000000,25.4600000000,5900224,144788354.9400
2022-06-14,sh.688248,25.1800000000,25.4000000000,23.7700000000,25.1500000000,4548526,111503210.6600
2022-06-15,sh.688248,25.0000000000,25.1500000000,23.1200000000,23.2500000000,5476391,131326168.5200
2022-06-16,sh.688248,23.5800000000,24.2000000000,23.4900000000,23.5500000000,2265737,53880095.8800
2022-06-17,sh.688248,22.6700000000,24.8000000000,22.6700000000,23.8800000000,2976920,71768624.4900
2022-06-20,sh.688248,24.1800000000,25.2000000000,24.0100000000,24.1800000000,2652035,64873642.5700
2022-06-21,sh.688248,24.2000000000,24.5000000000,23.0100000000,23.5200000000,2776162,65327433.1300
2022-06-22,sh.688248,23.6600000000,23.7800000000,22.8900000000,23.0000000000,3539832,82116298.5500
2022-06-23,sh.688248,23.0000000000,25.2200000000,22.8000000000,24.9500000000,4991288,120758620.8300
2022-06-24,sh.688248,25.3400000000,25.3400000000,24.2000000000,24.4500000000,2405194,59166272.7400
2022-06-27,sh.688248,24.5300000000,24.5300000000,23.5800000000,23.9300000000,2809780,67008148.3800
2022-06-28,sh.688248,23.7000000000,24.7300000000,23.3300000000,23.9900000000,2220660,53191820.6000
2022-06-29,sh.688248,23.7800000000,24.1500000000,22.8800000000,23.0200000000,2420149,56666689.8700
2022-06-30,sh.688248,22.9800000000,23.7200000000,22.6000000000,23.1200000000,2080674,48197801.3100
2022-07-01,sh.688248,23.1200000000,23.5800000000,22.9000000000,23.2500000000,1369965,31757127.3600
2022-07-04,sh.688248,23.2300000000,24.3400000000,22.6300000000,24.3000000000,3516654,83609867.1100
2022-07-05,sh.688248,24.5000000000,24.6600000000,23.1200000000,23.4700000000,3066665,72661735.0400
2022-07-06,sh.688248,23.4700000000,23.6700000000,22.8300000000,23.4600000000,1401613,32652754.0200
2022-07-07,sh.688248,23.4500000000,26.2600000000,22.8100000000,25.0200000000,5361206,134140518.0800
2022-07-08,sh.688248,25.5015473600,27.1668726400,24.6688847200,25.2808416000,6418232,166374767.7900
2022-07-11,sh.688248,25.8827664000,27.0565197600,24.6889488800,27.0565197600,6128531,159826616.7000
2022-07-12,sh.688248,26.7555573600,32.4236825600,26.7354932000,29.9156625600,13947585,420373615.5100
2022-07-13,sh.688248,29.6147001600,34.1090720000,29.0930320000,34.1090720000,10322840,325820596.3100
2022-07-14,sh.688248,33.6877246400,40.9308864000,33.5071472000,40.9308864000,8996745,335807307.4500
2022-07-15,sh.688248,40.9208543200,47.3815138400,38.3727060000,40.1283200000,18842195,795286049.1200
2022-07-18,sh.688248,40.1885124800,46.6692361600,38.4228664000,46.6692361600,14735702,624353775.0300
2022-07-19,sh.688248,45.1343279200,45.4453224000,41.1315280000,41.8337736000,13754004,587802520.5600
2022-07-20,sh.688248,42.7065645600,45.2848091200,39.6668443200,42.2852172000,10280061,436164967.2500
2022-07-21,sh.688248,43.5893876000,43.5893876000,40.2085766400,40.7302448000,7435214,305560978.0700
2022-07-22,sh.688248,41.1315280000,44.6126597600,40.6299240000,41.4826508000,9433794,398311173.4000
2022-07-25,sh.688248,42.6363400000,43.5793555200,39.4260744000,40.7904372800,7674167,314864001.4300
2022-07-26,sh.688248,39.4561706400,40.4292824000,37.0183752000,39.1251120000,8826668,341371896.5900
2022-07-27,sh.688248,39.6267160000,42.9373024000,39.2254328000,40.8506297600,11661044,479028496.4900
2022-07-28,sh.688248,41.1315280000,44.2615369600,39.9276784000,42.0043189600,9508671,401725078.9900
2022-07-29,sh.688248,42.5159550400,44.9437184000,39.9477425600,43.9104141600,10020423,425693209.2200
2022-08-01,sh.688248,42.4356984000,43.9104141600,39.9276784000,41.9842548000,6171660,257920643.2400
2022-08-02,sh.688248,41.1716563200,42.7567249600,39.8072934400,41.0312072000,5334896,219891652.2700
2022-08-03,sh.688248,41.5729395200,42.6664362400,38.0215832000,38.3727060000,9304018,371282945.6800
2022-08-04,sh.688248,38.7438929600,39.6267160000,36.2158088000,37.6203000000,8966961,336697038.0000
2022-08-05,sh.688248,38.1419681600,38.3727060000,34.8414138400,35.1825045600,9102905,325391140.0000
2022-08-08,sh.688248,34.6508043200,39.0247912000,34.6508043200,38.4930909600,10484910,391029167.0000
2022-08-09,sh.688248,38.4028022400,40.7202127200,36.9983110400,39.7872292800,10245484,403498204.0000
2022-08-10,sh.688248,39.9678067200,40.6198919200,38.9445345600,40.2286408000,5209581,206611823.0000
2022-08-11,sh.688248,40.1483841600,40.3289616000,38.1219040000,39.0247912000,5116855,198912611.0000
2022-08-12,sh.688248,39.6066518400,39.6467801600,37.3193376000,37.4898829600,5392244,205377926.0000
2022-08-15,sh.688248,38.0516794400,41.6130678400,37.4698188000,41.6130678400,6358108,253633866.0200
2022-08-16,sh.688248,41.4826508000,45.4754186400,40.6299240000,43.1379440000,10436572,449792661.3100
2022-08-17,sh.688248,43.4990988800,45.6459640000,41.6331320000,43.4188422400,6832818,297378551.4000
2022-08-18,sh.688248,43.1279119200,48.5953955200,42.2952492800,47.8329574400,8603526,401096003.8900
2022-08-19,sh.688248,47.6523800000,52.8489974400,45.6559960800,50.1403358400,8980791,438786364.1200
2022-08-22,sh.688248,49.8594376000,54.3638415200,48.1539840000,51.5548591200,8617882,439296342.0500
2022-08-23,sh.688248,50.1604000000,55.4774024000,48.6656200800,54.1732320000,9244898,487444492.8800
2022-08-24,sh.688248,53.1700240000,64.1952799200,52.4677784000,56.6812520000,11432876,635194389.4500
2022-08-25,sh.688248,58.0054865600,58.0054865600,49.2675448800,50.6118436000,11095152,585308615.7000
2022-08-26,sh.688248,50.8225172800,56.0592630400,50.1604000000,52.2671368000,10884270,578162251.2000
2022-08-29,sh.688248,49.9597584000,52.4677784000,48.6656200800,49.8694696800,8515245,427857755.0400
2022-08-30,sh.688248,49.0368070400,52.0163348000,46.9100060800,48.2543048000,8018168,395672917.2300
2022-08-31,sh.688248,47.4417063200,48.7559088000,42.1447680800,43.9304783200,11617041,515867890.5700
2022-09-01,sh.688248,44.5524672800,45.8365735200,42.5560833600,45.3450016000,7503698,333287626.3900
2022-09-02,sh.688248,45.4352903200,47.9433103200,43.0376232000,46.2779850400,7004222,319759763.8700
2022-09-05,sh.688248,46.6993324000,50.6620040000,45.6459640000,49.5584752000,8693550,425846565.6800
2022-09-06,sh.688248,50.8124852000,50.8124852000,47.7627328800,50.2406566400,10212341,503257267.0400
2022-09-07,sh.688248,49.3678656800,54.7049322400,48.6756521600,52.4176180000,8799287,456144788.8600
2022-09-08,sh.688248,52.0765272800,54.0628791200,49.7691488800,50.8124852000,6743377,346502624.9800
2022-09-09,sh.688248,49.7089564000,51.0231588800,46.8498136000,47.1708401600,6972582,332269941.3700
2022-09-13,sh.688248,47.5119308800,47.9332782400,44.9437184000,47.2510968000,5357342,247474069.2100
2022-09-14,sh.688248,46.7093644800,48.4449143200,45.3048732800,46.5789474400,4361794,202495174.0400
2022-09-15,sh.688248,46.9501344000,47.4818346400,40.9409184800,42.6363400000,9834379,419073619.3500
2022-09-16,sh.688248,42.1347360000,43.5994196800,41.8237415200,42.3253455200,4790228,204884098.6100
2022-09-19,sh.688248,42.8068853600,44.2414728000,42.1247039200,43.4890668000,3872352,167550369.4500
2022-09-20,sh.688248,44.2113765600,46.0873755200,43.4990988800,44.7129805600,4477129,201551657.0000
2022-09-21,sh.688248,44.8032692800,46.9902627200,43.5191630400,45.4754186400,5065086,229833989.9500
2022-09-22,sh.688248,44.7230126400,49.3578336000,44.1913124000,48.7458767200,7020473,334942753.0400
2022-09-23,sh.688248,48.7960371200,49.4481223200,46.3181133600,47.7527008000,4874301,232457383.8400
2022-09-26,sh.688248,47.4216421600,50.6620040000,47.2510968000,49.1571920000,4747572,234500278.1500
2022-09-27,sh.688248,49.1471599200,50.2506887200,48.0436311200,49.7591168000,3796065,186250324.8600
2022-09-28,sh.688248,49.7089564000,50.7422606400,47.4316742400,47.4316742400,3670693,178002268.1600
2022-09-29,sh.688248,48.1439519200,49.6086356000,46.6391399200,48.6455559200,3255170,157494457.5000
2022-09-30,sh.688248,48.4348822400,48.9565504000,46.3783058400,46.5588832800,2539297,120161888.3700
2022-10-10,sh.688248,46.7193965600,48.1339198400,45.3450016000,46.1074396800,2157449,99850606.6300
2022-10-11,sh.688248,47.0103268800,53.9725904000,45.4754186400,52.5380029600,6111923,307889454.6400
2022-10-12,sh.688248,52.1066235200,59.4501060800,51.7655328000,59.4501060800,5667170,308291169.7800
2022-10-13,sh.688248,58.2763527200,63.4428739200,56.7514765600,58.6876680000,7263092,430210349.4200
2022-10-14,sh.688248,58.4970584800,60.7944048000,54.3738736000,56.7916048800,7887220,445284250.2000
2022-10-17,sh.688248,56.8818936000,56.8818936000,53.2703448000,55.0259588000,5269713,287381303.0800
2022-10-18,sh.688248,55.5175307200,64.0447987200,54.6648039200,61.2759446400,8880543,535758883.6100
2022-10-19,sh.688248,60.1924800000,66.0110864000,59.3899136000,63.7338042400,7065096,448505967.3500
2022-10-20,sh.688248,63.1720077600,64.5865310400,59.8212930400,62.6302754400,4884760,303873895.4500
2022-10-21,sh.688248,62.8710453600,68.8802612800,62.3293130400,64.1350874400,5696665,373614445.6300
2022-10-24,sh.688248,64.1952799200,67.2951926400,61.5066824800,65.4091616000,5110468,329889693.9700
2022-10-25,sh.688248,63.9244137600,70.7261640000,62.8108528800,69.3417369600,4826757,325946099.5900
2022-10-26,sh.688248,68.7197480000,75.4211774400,67.7165400000,72.4516817600,5154701,367155472.3100
2022-10-27,sh.688248,72.2309760000,76.2839363200,61.5066824800,62.0082864800,8926825,602058449.8100
2022-10-28,sh.688248,61.1455276000,63.2823606400,57.9553261600,59.2996248800,10031069,604033847.5600
2022-10-31,sh.688248,59.4601381600,60.1924800000,55.3168891200,58.3064489600,8378290,486427822.5600
2022-11-01,sh.688248,58.8582133600,64.5062744000,58.8180850400,64.0046704000,7837305,490521740.1600
2022-11-02,sh.688248,63.0415907200,64.4360498400,60.7944048000,63.1820398400,5366098,336721627.7000
2022-11-03,sh.688248,61.9781902400,67.9171816000,61.6170353600,66.8638132000,6465070,427862207.0600
2022-11-04,sh.688248,68.4589139200,70.7261640000,65.4894182400,70.7261640000,6636759,445865281.4900
2022-11-07,sh.688248,69.2213520000,71.2678963200,65.8606052000,67.3553851200,5164527,348520507.3700
2022-11-08,sh.688248,67.3553851200,67.3553851200,63.7639004800,65.1784237600,4617356,300034285.6300
2022-11-09,sh.688248,65.0881350400,66.0010543200,62.5801150400,63.2021040000,4877369,310749011.1200
2022-11-10,sh.688248,62.2189601600,65.0078784000,62.0183185600,64.1150232800,4112858,260123687.5700
2022-11-11,sh.688248,66.2117280000,67.2149360000,61.0552388800,61.8778694400,5667948,354871057.6400
2022-11-14,sh.688248,60.6940840000,61.6972920000,58.8883096000,59.2996248800,4051807,241994015.7000
2022-11-15,sh.688248,59.0989832800,61.6972920000,58.6876680000,60.3931216000,5079424,303527487.1500
2022-11-16,sh.688248,60.3931216000,62.1888639200,59.1090153600,60.3630253600,4509056,273745923.7000
2022-11-17,sh.688248,59.2294003200,59.6808439200,55.7282044000,57.4637542400,6863362,389842331.5100
2022-11-18,sh.688248,58.0355828000,61.7976128000,56.6611878400,61.1856559200,7248405,436258581.1900
2022-11-21,sh.688248,60.7944048000,63.5030664000,59.8012288800,61.9380619200,5760112,356430929.6000
2022-11-22,sh.688248,61.9480940000,61.9681581600,56.3100650400,56.5708991200,6192355,355562109.2100
2022-11-23,sh.688248,56.3802896000,61.0853351200,56.1796480000,60.0620629600,6553369,384796056.9500
2022-11-24,sh.688248,59.5403948000,61.9581260800,58.5873472000,59.9918384000,4513288,272433189.6200
2022-11-25,sh.688248,59.1892720000,60.1924800000,57.1828560000,57.3834976000,3472891,201188132.3600
2022-11-28,sh.688248,56.4003537600,61.5167145600,56.4003537600,60.0018704800,4528361,271535427.1400
2022-11-29,sh.688248,60.0720950400,60.0921592000,57.5440108800,58.1559677600,4235165,245905841.5900
2022-11-30,sh.688248,57.8550053600,58.1459356800,53.3405693600,54.7952209600,7652748,419792770.7600
2022-12-01,sh.688248,54.7952209600,57.2631126400,54.6046114400,54.9657663200,5382893,298483052.0900
2022-12-02,sh.688248,54.7550926400,61.7775486400,54.1832640800,60.6238594400,9272120,544617837.3400
2022-12-05,sh.688248,60.7241802400,61.3862975200,56.6310916000,58.6776359200,8297357,484035630.8700
2022-12-06,sh.688248,58.7879888000,63.1920719200,57.4637542400,60.8245010400,6690054,401992039.7400
2022-12-07,sh.688248,60.3529932800,62.9412699200,59.6908760000,60.6037952800,4997641,305312921.7400
2022-12-08,sh.688248,60.1523516800,65.1081992000,59.1591757600,62.5500188000,5578469,349260839.1700
2022-12-09,sh.688248,61.7976128000,64.1350874400,59.5504268800,60.8545972800,4982978,307044745.1900
2022-12-12,sh.688248,59.4902344000,60.7743406400,57.7346204000,59.3397532000,3308331,195076226.0100
2022-12-13,sh.688248,59.3297211200,61.5267466400,58.1960960800,58.6977000800,3131033,186169477.8300
2022-12-14,sh.688248,57.8750695200,60.4432820000,57.7948128800,59.8413572000,1983445,116568461.6300
2022-12-15,sh.688248,58.6977000800,59.5504268800,57.3834976000,58.7879888000,2590137,150691764.1200
2022-12-16,sh.688248,58.5572509600,58.5572509600,54.4842264800,55.2968249600,3739741,208106880.0100
2022-12-19,sh.688248,54.8453813600,55.9288460000,52.3172972000,52.5881633600,4938491,262306908.4000
2022-12-20,sh.688248,53.0195428000,54.7550926400,51.8859177600,53.9424941600,3705489,198457169.3000
2022-12-21,sh.688248,54.1732320000,54.1732320000,50.9629664000,51.1636080000,4051992,209530178.6900
2022-12-22,sh.688248,50.8024531200,52.1668160000,46.3181133600,47.3915459200,8302235,402646339.4400
2022-12-23,sh.688248,47.4417063200,48.1038236000,45.6459640000,46.7595248800,5853725,272859953.3100
2022-12-26,sh.688248,46.7996532000,54.3638415200,46.7996532000,54.1631999200,9079354,465152334.1700
2022-12-27,sh.688248,54.1732320000,59.2494644800,53.1800560800,58.1359036000,7023425,400418007.2700
2022-12-28,sh.688248,57.4938504800,60.4633461600,56.7715407200,59.4902344000,7215103,421567607.5000
2022-12-29,sh.688248,58.8080529600,59.8513892800,56.9721823200,57.2330164000,4550328,264283583.4000
2022-12-30,sh.688248,57.5841392000,59.4802023200,56.6712199200,57.2831768000,4219669,244017391.4400
2023-01-03,sh.688248,56.7414444800,63.1017832000,56.6812520000,62.4797942400,7248534,437374676.5800
2023-01-04,sh.688248,62.5901471200,63.2221681600,60.8044368800,62.6302754400,5715688,354233059.8800
2023-01-05,sh.688248,62.3794734400,66.8738452800,62.3794734400,64.5062744000,6220958,402903566.9500
2023-01-06,sh.688248,63.9143816800,68.1980798400,63.7438363200,64.0046704000,7567023,496001749.9500
2023-01-09,sh.688248,64.6065952000,65.8104448000,62.7005000000,63.6936759200,5670715,363220113.7400
2023-01-10,sh.688248,64.2053120000,65.4091616000,62.2992168000,62.8710453600,4637533,294285767.5900
2023-01-11,sh.688248,62.5600508800,64.4460819200,61.8076448800,62.9914303200,4571217,288092622.8300
2023-01-12,sh.688248,62.6302754400,67.0945510400,62.2691205600,63.0917511200,6128130,395283869.2300
2023-01-13,sh.688248,63.1419115200,64.2053120000,59.9717742400,60.3228970400,5792793,353321931.2600
2023-01-16,sh.688248,60.5837311200,62.8610132800,60.5837311200,61.9982544000,4696797,289505461.8800
2023-01-17,sh.688248,62.5600508800,62.7005000000,59.7209722400,60.7442444000,3423656,206681171.4400
2023-01-18,sh.688248,61.4966504000,61.4966504000,59.3899136000,59.5905552000,2475933,147826572.9400
2023-01-19,sh.688248,59.1792399200,60.0419988000,57.3333372000,57.4637542400,5311876,307808814.1400
2023-01-20,sh.688248,57.5440108800,63.5532268000,57.4838184000,63.1920719200,7806031,476644949.7400
2023-01-30,sh.688248,65.2085200000,65.5496107200,60.8044368800,62.6503396000,5669576,351526080.2000
2023-01-31,sh.688248,61.9681581600,64.2053120000,61.5468108000,62.2490564000,4321971,270781421.2100
2023-02-01,sh.688248,62.5299546400,62.5500188000,58.4870264000,60.1623837600,7527110,448818782.4600
2023-02-02,sh.688248,60.4432820000,61.7775486400,59.3096569600,60.5636669600,4353270,262418338.6900
2023-02-03,sh.688248,59.9517100800,60.4934424000,58.2161602400,58.3867056000,3481922,204193880.1800
2023-02-06,sh.688248,58.4669622400,59.8413572000,56.1796480000,56.6310916000,5699355,325432360.8000
2023-02-07,sh.688248,56.1796480000,57.7747487200,54.7751568000,55.8385572800,5518967,306484260.3000
2023-02-08,sh.688248,55.8385572800,57.6744279200,54.8353492800,55.1563758400,4993457,279424512.0300
2023-02-09,sh.688248,54.6748360000,57.5741071200,53.6916921600,56.1194555200,5355497,299201495.6600
2023-02-10,sh.688248,56.2599046400,56.3100650400,54.4741944000,54.8052530400,2934311,161179197.8000
2023-02-13,sh.688248,55.0058946400,57.0223427200,54.6949001600,55.4774024000,6441111,358080513.9500
2023-02-14,sh.688248,55.4071778400,56.3802896000,53.5311788800,56.2298084000,6308342,344386769.1800
2023-02-15,sh.688248,56.2298084000,57.4637542400,55.0159267200,55.0861512800,5802600,324060508.4500
2023-02-16,sh.688248,54.2936169600,55.6178515200,53.0295748800,53.4709864000,5518661,297344691.7200
2023-02-17,sh.688248,53.4107939200,54.9557342400,53.0496390400,53.2703448000,3549580,190283539.6100
2023-02-20,sh.688248,52.3574255200,52.9292540800,51.3542175200,52.6884841600,7018387,363987057.9200
2023-02-21,sh.688248,52.4477142400,52.9091899200,50.6419398400,51.0231588800,6139980,313716960.5500
2023-02-22,sh.688248,51.1636080000,54.1732320000,50.6419398400,52.5079067200,8219093,432381809.2200
2023-02-23,sh.688248,52.1768480800,55.7382364800,52.1567839200,55.2767608000,7603391,410355324.3100
2023-02-24,sh.688248,54.6246756000,56.0091026400,53.4810184800,53.8221092000,4160819,226483271.7700
2023-02-27,sh.688248,53.7217884000,56.2799688000,53.1700240000,54.1331036800,5344364,293270663.3200
2023-02-28,sh.688248,53.6314996800,54.1230716000,51.9360781600,52.5380029600,4513480,236928081.6300
2023-03-01,sh.688248,52.5680992000,52.7486766400,51.1636080000,51.9962706400,3457306,178638367.6300
2023-03-02,sh.688248,52.1668160000,52.3172972000,49.6487639200,49.6587960000,5528413,277733668.8000
2023-03-03,sh.688248,50.1604000000,51.5648912000,50.0400150400,50.6620040000,3828579,194366480.3800
2023-03-06,sh.688248,49.7992451200,53.6014034400,49.1672240800,53.3305372800,6310599,327645231.6500
2023-03-07,sh.688248,52.8489974400,53.2904089600,51.6652120000,51.9862385600,3978593,207181900.6400
2023-03-08,sh.688248,51.7655328000,53.3907297600,49.7591168000,50.6118436000,4962906,254239269.9600
2023-03-09,sh.688248,49.9798225600,51.3943458400,49.9798225600,50.2406566400,2603625,130669970.0600
2023-03-10,sh.688248,49.9898546400,51.1134476000,49.1672240800,49.6888922400,2827530,140545859.1400
2023-03-13,sh.688248,49.7089564000,51.6451478400,49.7089564000,50.3510095200,4501292,227870114.3100
2023-03-14,sh.688248,50.6620040000,50.6620040000,46.9601664800,49.1471599200,7303074,351855394.1700
2023-03-15,sh.688248,49.1772561600,50.1002075200,48.1740481600,48.4348822400,3389441,165515232.7400
2023-03-16,sh.688248,47.9533424000,48.4248501600,45.6961244000,45.7663489600,5281776,245279485.6900
2023-03-17,sh.688248,46.2177925600,47.9533424000,45.9067980800,45.9770226400,5017878,233292960.1100
2023-03-20,sh.688248,46.4786266400,52.6684200000,44.8734938400,51.0833513600,9885178,489851709.1900
2023-03-21,sh.688248,51.1636080000,52.3975538400,50.3811057600,51.9661744000,8342428,427487588.1000
2023-03-22,sh.688248,51.8959498400,52.1467518400,50.0701112800,50.3811057600,6247569,317133762.1600
2023-03-23,sh.688248,50.6820681600,50.8425814400,49.5584752000,49.8092772000,4691500,233977159.8700
2023-03-24,sh.688248,50.1604000000,52.7486766400,47.2009364000,49.5685072800,7808057,391429636.8300
2023-03-27,sh.688248,49.3578336000,51.1335117600,47.7125724800,49.7189884800,6699229,329333609.4900
2023-03-28,sh.688248,49.7189884800,50.1202716800,48.0636952800,48.2442727200,4210810,204341862.3200
2023-03-29,sh.688248,48.1840802400,49.2374486400,47.4517384000,47.9734065600,3520622,169311112.5700
2023-03-30,sh.688248,47.7627328800,48.4750105600,47.0303910400,47.6824762400,2959845,141005210.7400
2023-03-31,sh.688248,47.9533424000,49.3478015200,47.3514176000,48.1238877600,4094976,197142129.7800
2023-04-03,sh.688248,47.9734065600,49.0969995200,46.7494928000,47.3514176000,5559774,264436963.0400
2023-04-04,sh.688248,47.1507760000,47.3614496800,45.8064772800,46.4986908000,5565366,257531575.3100
2023-04-06,sh.688248,46.8698777600,47.1206797600,45.2145845600,46.1475680000,4755890,217586705.2300
2023-04-07,sh.688248,45.9469264000,47.3313534400,45.5958036000,46.1375359200,3356228,155695631.7000
2023-04-10,sh.688248,46.3281454400,47.9031820000,45.0440392000,47.6724441600,7423599,346139607.7800
2023-04-11,sh.688248,47.2310326400,48.6355238400,46.0372151200,47.0504552000,5574704,261334639.1500
2023-04-12,sh.688248,47.1307118400,47.1407439200,45.8064772800,46.0773434400,3659395,168680597.5000
2023-04-13,sh.688248,46.6792682400,47.7727649600,46.0572792800,46.0974076000,4506561,210113241.2100
2023-04-14,sh.688248,45.8365735200,47.3313534400,45.4152261600,46.5990116000,3907341,181018715.3800
2023-04-17,sh.688248,46.5087228800,48.8562296000,46.5087228800,47.1006156000,5218093,248520760.8100
2023-04-18,sh.688248,47.2009364000,48.5452351200,46.6491720000,48.1740481600,5492947,262319085.9500
2023-04-19,sh.688248,47.9734065600,49.8092772000,46.8698777600,48.2743689600,5457656,263275502.2600
2023-04-20,sh.688248,48.0536632000,48.0536632000,44.3618577600,45.1844883200,8381814,382669389.8200
2023-04-21,sh.688248,46.1475680000,46.9701985600,43.8201254400,43.9405104000,5641556,253848513.4100
2023-04-24,sh.688248,43.7198046400,44.2615369600,41.1315280000,42.2450888800,6676121,283885621.1000
2023-04-25,sh.688248,42.6363400000,43.3185214400,39.1953365600,39.7370688800,11165287,448751517.3600
2023-04-26,sh.688248,40.1283200000,45.2446808000,39.8273576000,44.9537504800,11048100,479945813.7600
2023-04-27,sh.688248,44.9537504800,45.1242958400,42.3654738400,42.7567249600,6225449,267725329.6300
2023-04-28,sh.688248,42.4156342400,43.2182006400,41.1515921600,41.7434848800,4867534,203392705.1800
2023-05-04,sh.688248,41.9641906400,43.4088101600,41.3622658400,41.9942868800,4807358,202558607.1400
2023-05-05,sh.688248,41.5227791200,41.9340944000,40.1283200000,40.5296032000,4251031,172709269.3200
2023-05-08,sh.688248,41.3321696000,41.5428432800,39.9276784000,40.3088974400,3110198,125679602.0000
2023-05-09,sh.688248,40.4995069600,40.4995069600,38.7840212800,39.0247912000,3774336,148482067.6100
2023-05-10,sh.688248,39.3056894400,40.4894748800,37.9613907200,39.3859460800,5181011,202779674.6300
2023-05-11,sh.688248,39.3458177600,40.5797636000,38.5432513600,39.1752724000,4169947,164823299.7900
2023-05-12,sh.688248,39.1251120000,39.7370688800,38.1118719200,38.1219040000,4114943,158353171.2500
2023-05-15,sh.688248,38.2723852000,40.2186087200,38.1219040000,40.1182879200,5549894,219313374.2500
2023-05-16,sh.688248,39.9276784000,44.4019860800,39.7270368000,41.2719771200,9204276,385817086.6800
2023-05-17,sh.688248,41.7334528000,41.9340944000,40.1383520800,41.5227791200,4783802,195786651.2000
2023-05-18,sh.688248,41.3321696000,41.3321696000,40.0279992000,40.3289616000,3546973,142742578.9000
2023-05-19,sh.688248,40.3389936800,40.8205335200,39.5865876800,39.9778388000,2293052,91829504.6500
2023-05-22,sh.688248,40.5296032000,43.0476552800,40.4292824000,41.9340944000,6845448,286089833.8300
2023-05-23,sh.688248,41.2318488000,41.9140302400,40.5296032000,40.6901164800,3911825,160067022.0300
2023-05-24,sh.688248,40.3389936800,42.1848964000,40.1383520800,40.9409184800,4533408,186986603.5500
2023-05-25,sh.688248,40.7001485600,42.5159550400,40.2085766400,41.6230999200,5198820,215593585.1000
2023-05-26,sh.688248,41.6832924000,41.6832924000,39.8173255200,40.1283200000,4526093,181606563.6800
2023-05-29,sh.688248,40.1283200000,40.6499881600,39.6768764000,39.9979029600,3259292,130013032.2000
2023-05-30,sh.688248,40.0279992000,40.5897956800,39.0348232800,39.9276784000,3154527,125050036.3800
2023-05-31,sh.688248,39.8975821600,40.2888332800,38.9545666400,39.1953365600,3651940,142993987.2100
2023-06-01,sh.688248,39.2254328000,39.9276784000,38.9645987200,39.3759140000,2416250,95077724.3400
2023-06-02,sh.688248,39.2454969600,41.0111430400,39.2454969600,40.2085766400,5067436,203495848.7600
2023-06-05,sh.688248,40.1283200000,40.5195711200,38.7238288000,38.8241496000,4765844,185342172.6000
2023-06-06,sh.688248,38.8241496000,38.8241496000,37.7105887200,37.9714228000,4358037,165357233.5500
2023-06-07,sh.688248,37.9513586400,38.3225456000,37.2591451200,37.4698188000,3208752,120357790.9600
2023-06-08,sh.688248,37.4497546400,37.9814548800,36.7675732000,36.8177336000,2783690,103132502.7800
2023-06-09,sh.688248,36.8779260800,37.3895621600,35.9850709600,37.3895621600,4775945,174637275.7000
2023-06-12,sh.688248,37.1186960000,37.3694980000,36.2559371200,36.3060975200,4231799,154794373.3900
2023-06-13,sh.688248,36.4866749600,36.8678940000,36.0151672000,36.0954238400,2749857,99506505.6200
2023-06-14,sh.688248,36.2559371200,36.3161296000,35.6138840000,35.8245576800,2752716,98493992.4700
2023-06-15,sh.688248,35.8446218400,37.2992734400,35.6138840000,37.1989526400,5379284,197490526.3000
2023-06-16,sh.688248,37.6303320800,40.1283200000,36.9180544000,39.9678067200,10149986,393476353.2700
2023-06-19,sh.688248,39.9477425600,41.3622658400,39.2755932000,40.6098598400,7009143,282824122.7500
2023-06-20,sh.688248,40.8305656000,40.9810468000,39.8775180000,40.3289616000,4839874,194655299.1200
2023-06-21,sh.688248,40.0781596000,40.9308864000,39.1853044800,39.2755932000,3069439,121972084.4800
2023-06-26,sh.688248,39.3158284400,39.4768351600,37.8365792000,38.5812352800,4597267,176371847.9200
2023-06-27,sh.688248,38.5812352800,39.9497924000,37.8868938000,38.4101656400,4118917,158513136.2600
2023-06-28,sh.688248,38.4705431600,38.5611094400,37.2328040000,38.0881522000,3688037,138321381.9300
2023-06-29,sh.688248,38.0378376000,38.9636262400,37.6655095600,37.9975859200,2929709,111704006.6900
2023-06-30,sh.688248,38.0378376000,39.5674014400,37.5346916000,38.6315498800,3900190,149860305.0500
2023-07-03,sh.688248,39.0541925200,42.9485425600,38.7422420000,42.4453965600,12449081,515838027.3800
2023-07-04,sh.688248,42.5963403600,43.1799897200,42.0227539200,42.9284167200,7776597,329174448.2300
2023-07-05,sh.688248,42.7674100000,43.2504301600,41.2076574000,41.4491674800,5353018,223456975.6700
2023-07-06,sh.688248,41.4592304000,41.7007404800,40.4529384000,41.1472798800,3701551,151225781.0000
2023-07-07,sh.688248,41.0265248400,41.0265248400,39.7082823200,39.7485340000,4000808,159777263.2300
2023-07-10,sh.688248,40.0705474400,41.6806146400,39.6680306400,41.2479090800,5593182,227251369.2800
2023-07-11,sh.688248,40.9560844000,41.2579720000,39.2453880000,39.5472756000,6900584,273994658.8400
2023-07-12,sh.688248,39.5774643600,40.8152035200,39.0944442000,39.8894148800,6345998,253303726.8200
2023-07-13,sh.688248,39.6680306400,40.9661473200,39.2755767600,39.9497924000,5865757,233151748.9900
2023-07-14,sh.688248,39.7787227600,39.7787227600,38.0378376000,38.1082780400,8008372,306764040.8000
2023-07-17,sh.688248,38.1887814000,38.9334374800,37.5648803600,38.5409836000,3374217,128760058.7100
2023-07-18,sh.688248,38.3699139600,38.4001027200,36.7296580000,36.9510422400,5324663,197334199.9300
2023-07-19,sh.688248,36.7296580000,37.2026152400,36.0453794400,36.2265120000,4450132,161343418.4500
2023-07-20,sh.688248,36.2768266000,36.6491546400,35.8843727200,35.9850019200,3443651,123766232.1900
2023-07-21,sh.688248,35.7434918400,36.0655052800,34.0931729600,34.4151864000,5488238,189442192.2900
2023-07-24,sh.688248,34.4051234800,34.6667594000,33.6906561600,33.8114112000,2512288,85030085.0800
2023-07-25,sh.688248,34.2139280000,34.5560672800,33.7812224400,34.3044942800,2975361,100862658.5400
2023-07-26,sh.688248,34.4755639200,34.4755639200,33.5497752800,33.7409707600,2911990,97511271.8900
2023-07-27,sh.688248,33.4088944000,33.8617258000,33.2176989200,33.3686427200,2669756,88955349.6400
2023-07-28,sh.688248,33.3686427200,33.5799640400,32.7145529200,33.5095236000,2455235,81053944.2200
2023-07-31,sh.688248,33.9321662400,34.3346830400,33.6000898800,33.6101528000,2434894,82068654.6200
2023-08-01,sh.688248,33.8617258000,33.8617258000,32.8654967200,33.5598382000,2744782,90958148.4300
2023-08-02,sh.688248,33.7007190800,33.7007190800,32.7447416800,32.8252450400,2499734,82043057.6700
2023-08-03,sh.688248,32.7648675200,33.3082652000,32.6843641600,33.1371955600,1904817,62604421.7500
2023-08-04,sh.688248,33.3082652000,33.6504044800,32.8151821200,33.4893977600,2414637,79884317.3100
2023-08-07,sh.688248,33.7107820000,33.8214741200,33.1673843200,33.5497752800,2032927,67580858.1600
2023-08-08,sh.688248,33.5900269600,33.5900269600,32.8151821200,32.8956854800,2165406,71054946.1300
2023-08-09,sh.688248,32.9963146800,33.8013482800,32.4529170000,33.1472584800,2599939,85870446.7500
2023-08-10,sh.688248,33.3887685600,33.9925437600,33.1774472400,33.5699011200,2782269,92965388.5400
2023-08-11,sh.688248,33.5699011200,33.9019774800,33.3082652000,33.3283910400,2479976,82894378.5300
2023-08-14,sh.688248,32.7246158400,33.4088944000,32.0302743600,32.8051192000,2420106,78327083.0700
2023-08-15,sh.688248,32.4026024000,32.8554338000,31.5573171200,31.6680092400,2645137,83969654.0100
2023-08-16,sh.688248,31.5573171200,32.0101485200,31.0742969600,31.1246115600,1611550,50233913.1400
2023-08-17,sh.688248,31.3862474800,31.8994564000,30.6013397200,31.6076317200,2027579,63014727.1500
2023-08-18,sh.688248,31.5573171200,31.9497710000,30.9132902400,30.9736677600,1515944,47271548.6700
2023-08-21,sh.688248,31.0239823600,31.2856182800,30.2390746000,30.2692633600,1920269,58427220.3400
2023-08-22,sh.688248,30.2793262800,30.6919060000,29.7057398400,30.5812138800,2284829,68542770.6400
2023-08-23,sh.688248,30.5812138800,30.5912768000,29.8768094800,29.9975645200,1261242,37835314.0800
2023-08-24,sh.688248,30.0981937200,30.9636048400,29.8063690400,30.1887600000,1965561,59470368.1800
2023-08-25,sh.688248,30.0579420400,30.2390746000,29.2830972000,29.3837264000,1911547,56222523.7500
2023-08-28,sh.688248,31.4164362400,31.6981980000,30.3900184000,30.5812138800,3041855,93410264.9400
2023-08-29,sh.688248,30.3397038000,31.6478834000,30.2491375200,31.3761845600,3050091,94168136.9500
2023-08-30,sh.688248,31.2353036800,31.9698968400,31.1950520000,31.6579463200,2739571,86064355.5000
2023-08-31,sh.688248,31.5774429600,31.5774429600,30.9434790000,31.1447374000,2426952,75282944.4400
2023-09-01,sh.688248,31.0742969600,31.3158070400,30.6919060000,31.0239823600,1400278,43088691.3000
2023-09-04,sh.688248,31.1950520000,31.2956812000,30.5510251200,31.2051149200,1858927,57200534.9500
2023-09-05,sh.688248,31.1950520000,31.4667508400,30.8025981200,30.9233531600,1628225,50230286.4000
2023-09-06,sh.688248,30.9032273200,31.0541711200,30.3698925600,30.8931644000,1825632,55738527.1000
2023-09-07,sh.688248,30.9636048400,31.1849890800,30.1988229200,30.2088858400,1688353,51232582.8000
2023-09-08,sh.688248,30.1887600000,30.4302700800,29.9673757600,30.0176903600,1222492,36618119.0800
2023-09-11,sh.688248,30.1786970800,30.8428498000,29.7057398400,30.5107734400,1779425,53726570.8500
2023-09-12,sh.688248,30.4403330000,30.7422206000,30.2390746000,30.4604588400,1031275,31265443.3100
2023-09-13,sh.688248,30.4906476000,30.5711509600,29.0818388000,29.4843556000,2521380,74319297.9100
2023-09-14,sh.688248,29.2428455200,29.4843556000,28.4378119200,28.5283782000,2134023,61038266.1000
2023-09-15,sh.688248,28.5887557200,28.9610837600,28.0654838800,28.9610837600,2061442,58201571.3700
2023-09-18,sh.688248,28.3573085600,29.3032230400,27.7334075200,27.7837221200,3497994,98550147.4500
2023-09-19,sh.688248,27.7937850400,27.9044771600,27.1698840000,27.5220862000,2851038,77992141.2800
2023-09-20,sh.688248,27.5623378800,27.7434704400,27.1296323200,27.1396952400,1994063,54377194.2400
2023-09-21,sh.688248,27.1396952400,27.5220862000,26.8881222400,27.2201986000,2284199,62091819.4100
2023-09-22,sh.688248,27.2101356800,28.6491332400,26.9988143600,28.5988186400,3172278,88674891.4900
2023-09-25,sh.688248,28.4780636000,28.6692590800,27.6529041600,27.9950434400,2562522,71372453.0200
2023-09-26,sh.688248,27.9749176000,28.3271198000,27.7736592000,27.8742884000,1390247,38688525.7700
2023-09-27,sh.688248,27.9749176000,28.8000770400,27.8139108800,28.3371827200,2888095,81754936.0900
2023-09-28,sh.688248,28.4277490000,28.9610837600,28.3774344000,28.5585669600,2182549,62157543.4200
2023-10-09,sh.688248,28.5686298800,28.9308950000,28.2264906000,28.3371827200,1573419,44424903.0400
2023-10-10,sh.688248,28.5384411200,28.7396995200,28.0956726400,28.2365535200,2081352,58530568.2800
2023-10-11,sh.688248,28.4378119200,28.5283782000,28.0051063600,28.0654838800,2271150,63580227.4600
2023-10-12,sh.688248,28.0856097200,28.6793220000,28.0856097200,28.3271198000,2641104,74525883.7600
2023-10-13,sh.688248,28.2164276800,28.3573085600,27.6730300000,28.0051063600,2378176,65905325.9200
2023-10-16,sh.688248,28.0352951200,28.3573085600,27.4918974400,27.6931558400,2256317,62262658.2700
2023-10-17,sh.688248,27.6126524800,28.1761760000,27.0994435600,27.2705132000,2001252,54415461.7700
2023-10-18,sh.688248,27.2403244400,27.2705132000,26.5157942000,26.5862346400,1899036,50406947.0200
2023-10-19,sh.688248,26.6969267600,27.3610794800,26.5157942000,26.7170526000,2239699,59925968.8900
2023-10-20,sh.688248,26.7271155200,27.9648546800,26.6667380000,26.9686256000,2896937,78298749.7300
2023-10-23,sh.688248,26.5157942000,26.8176818000,25.3183067200,25.4591876000,2410005,61829219.4000
2023-10-24,sh.688248,25.6604460000,26.2944099600,25.4692505200,26.2440953600,2245561,57974688.3800
2023-10-25,sh.688248,26.4352908400,27.1095064800,26.2541582800,26.4654796000,1897199,50182720.4800
2023-10-26,sh.688248,26.4654796000,26.4654796000,25.7006976800,26.3145358000,1770466,45802320.2000
2023-10-27,sh.688248,26.2139066000,27.1497581600,25.8717673200,26.9484997600,2806389,74511654.5400
2023-10-30,sh.688248,26.7170526000,27.4113940800,26.6868638400,27.2906390400,2355064,63542149.3400
2023-10-31,sh.688248,26.9686256000,27.5220862000,26.8176818000,26.9887514400,2157076,58102479.5800
2023-11-01,sh.688248,26.9283739200,27.3812053200,26.4755425200,26.6667380000,2550142,67819165.3900
2023-11-02,sh.688248,26.7774301200,26.8478705600,25.9120190000,25.9120190000,1975708,51432165.3700
2023-11-03,sh.688248,26.0629628000,27.2604502800,25.9723965200,26.9686256000,3802738,101636823.9600
2023-11-06,sh.688248,27.2805761200,28.7296366000,27.2805761200,28.1862389200,3763637,105468501.3400
2023-11-07,sh.688248,28.1963018400,28.5887557200,27.8843513200,28.4680006800,2825462,79642749.4900
2023-11-08,sh.688248,28.4680006800,28.6290074000,28.0352951200,28.4076231600,2588303,73093238.6200
2023-11-09,sh.688248,28.3673714800,28.7296366000,28.1258614000,28.4277490000,1906296,53920043.9700
2023-11-10,sh.688248,28.5384411200,28.6189444800,28.1157984800,28.1761760000,1802294,50702726.1000
2023-11-13,sh.688248,28.3573085600,28.6088815600,28.0755468000,28.5786928000,1901016,53637228.2300
2023-11-14,sh.688248,28.5384411200,28.8000770400,28.2768052000,28.5485040400,2014518,57051093.7200
2023-11-15,sh.688248,28.8604545600,29.1623421600,28.7095107600,28.7598253600,2533436,72760973.3900
2023-11-16,sh.688248,28.7095107600,28.7095107600,28.1761760000,28.2164276800,2052554,57729870.6900
2023-11-17,sh.688248,28.2164276800,28.6591961600,28.0352951200,28.4378119200,1511648,42677821.6400
2023-11-20,sh.688248,29.1120275600,29.3636005600,28.3472456400,28.8302658000,2975949,85060852.6300
2023-11-21,sh.688248,28.8604545600,28.8604545600,28.1963018400,28.2566793600,1986343,56296929.7300
2023-11-22,sh.688248,28.1761760000,28.3271198000,27.6931558400,27.6931558400,1954280,54438145.0700
2023-11-23,sh.688248,27.7434704400,27.9044771600,27.3510165600,27.6931558400,1480210,40579585.3700
2023-11-24,sh.688248,27.6931558400,27.6931558400,26.9183110000,26.9484997600,2121141,57301354.0000
2023-11-27,sh.688248,26.8176818000,27.3308907200,26.7573042800,27.0189402000,1625273,43569319.3000
2023-11-28,sh.688248,26.9786885200,27.3912682400,26.6768009200,26.9887514400,1831593,49025727.4200
2023-11-29,sh.688248,27.0692548000,27.1497581600,26.7271155200,26.7975559600,1333991,35665303.2400
2023-11-30,sh.688248,26.6868638400,26.9887514400,26.2843470400,26.5359200400,1505310,39792894.4400
2023-12-01,sh.688248,26.4755425200,26.5661088000,25.9824594400,26.4352908400,1637060,42747887.2900
2023-12-04,sh.688248,26.4755425200,26.4755425200,25.9120190000,25.9623336000,1554749,40220677.1700
2023-12-05,sh.688248,25.9321448400,26.3044728800,25.1472370800,25.1472370800,1833444,46678799.3200
2023-12-06,sh.688248,25.1472370800,25.4591876000,24.7447202800,24.7447202800,2769774,69028122.9000
2023-12-07,sh.688248,24.6541540000,24.9057270000,24.1610709200,24.6440910800,2023941,49206480.2200
2023-12-08,sh.688248,24.6944056800,24.9560416000,24.5233360400,24.5233360400,1746575,42928357.6800
2023-12-11,sh.688248,24.5233360400,25.2176775200,24.1711338400,25.2176775200,2900755,71326318.1800
2023-12-12,sh.688248,25.2176775200,25.2780550400,24.9157899200,25.0466078800,1482256,36928029.7200
2023-12-13,sh.688248,24.8755382400,25.0667337200,24.3220776400,24.4025810000,1638980,40019618.5700
2023-12-14,sh.688248,24.4126439200,24.8050978000,24.3522664000,24.3623293200,1377075,33574588.3800
2023-12-15,sh.688248,24.4025810000,25.0365449600,24.0302529600,24.0705046400,2744194,66969446.8300
2023-12-18,sh.688248,23.9799383600,24.1107563200,23.4164148400,23.4566665200,1734620,40800102.7900
2023-12-19,sh.688248,23.4566665200,24.0906304800,23.1547789200,23.7283653600,1749931,41211736.3600
2023-12-20,sh.688248,23.4969182000,24.0302529600,23.3258485600,23.3962890000,1387235,32534809.1900
2023-12-21,sh.688248,23.1950306000,24.1610709200,23.1849676800,23.8994350000,3228675,76103983.0100
2023-12-22,sh.688248,23.8390574800,24.1510080000,23.1547789200,23.8289945600,3119965,73210320.4800
2023-12-25,sh.688248,23.7484912000,24.8050978000,23.7183024400,24.0403158800,2926020,70349913.2400
2023-12-26,sh.688248,23.8994350000,24.0302529600,23.4566665200,23.6981766000,1528711,35857523.5400
2023-12-27,sh.688248,23.6981766000,23.6981766000,23.0541497200,23.3661002400,1819615,42103523.7000
2023-12-28,sh.688248,23.2956598000,25.5195651200,23.0944014000,25.2780550400,6063610,148455621.8700
2023-12-29,sh.688248,25.1271112400,25.4793134400,25.0667337200,25.1271112400,3228358,81048721.6500
2024-01-02,sh.688248,25.3082438000,25.4289988400,24.7044686000,24.9057270000,2658204,65817529.0300
2024-01-03,sh.688248,24.7547832000,25.3484954800,24.7346573600,25.0667337200,2299598,57174405.0500
2024-01-04,sh.688248,24.9459786800,25.0063562000,24.4126439200,24.5333989600,1793896,43917252.5500
2024-01-05,sh.688248,24.3723922400,24.7849719600,23.7585541200,23.9497496000,1994484,48050196.8200
2024-01-08,sh.688248,23.7887428800,23.9497496000,23.2554081200,23.2755339600,2608309,61078410.9900
2024-01-09,sh.688248,23.1749047600,23.9497496000,22.8025767200,23.1547789200,2574957,59480549.9700
2024-01-10,sh.688248,23.0038351200,23.9094979200,22.4302486800,23.2151564400,2887443,66480953.3000
2024-01-11,sh.688248,23.1346530800,24.3321405600,22.9736463600,24.0000642000,3960468,93604565.5400
2024-01-12,sh.688248,23.9900012800,24.9258528400,23.8088687200,24.2717630400,3410173,82798410.2100
2024-01-15,sh.688248,24.1107563200,24.2516372000,23.6478620000,23.7786799600,2442668,58025736.2900
2024-01-16,sh.688248,23.8088687200,24.1711338400,23.3459744000,23.7786799600,2545361,59910918.5300
2024-01-17,sh.688248,23.8793091600,23.8793091600,22.6415700000,22.7220733600,2622245,60509993.2400
2024-01-18,sh.688248,22.6415700000,22.9233317600,22.1384240000,22.8931430000,3322115,74256945.1200
2024-01-19,sh.688248,22.8126396400,23.2252193600,22.2289902800,22.3094936400,2953766,65970257.9100
2024-01-22,sh.688248,22.1283610800,22.1786756800,20.8201814800,20.8704960800,3111130,66358838.0300
2024-01-23,sh.688248,20.7296152000,21.7962847200,20.4679792800,21.6252150800,3485827,74001370.2600
2024-01-24,sh.688248,21.6654667600,21.9170397600,20.7698668800,21.6151521600,2357191,49837402.9100
2024-01-25,sh.688248,21.5145229600,23.4969182000,21.1522578400,23.1245901600,5312477,118840867.6200
2024-01-26,sh.688248,22.9434576000,24.3321405600,22.8428284000,23.5472328000,5255430,123896965.1600
2024-01-29,sh.688248,23.6176732400,24.5333989600,23.4466036000,23.6478620000,6444046,153543653.8000
2024-01-30,sh.688248,23.2554081200,23.6277361600,22.1182981600,22.1384240000,4127259,93671431.3800
2024-01-31,sh.688248,22.2692419600,22.2793048800,20.5786714000,20.9912511200,5121908,108411134.3600
2024-02-01,sh.688248,20.7396781200,20.9912511200,20.1057141600,20.3472242400,3454358,70658675.4400
2024-02-02,sh.688248,20.1862175200,20.5887343200,18.4755211200,19.3107434800,4162558,81031948.0300
2024-02-05,sh.688248,19.3208064000,19.4918760400,17.2377819600,17.5396695600,4432128,79643952.9900
2024-02-06,sh.688248,17.7811796400,20.4277276000,17.1069640000,20.3270984000,4888665,92683775.4300
2024-02-07,sh.688248,20.2164062800,21.7359072000,20.1359029200,21.4138937600,6282084,132876214.6400
2024-02-08,sh.688248,21.5950263200,23.1044643200,21.4138937600,21.8465993200,6350930,141677142.2600
2024-02-19,sh.688248,22.5006891200,22.5006891200,21.5346488000,21.9271026800,4478547,97938338.4400
2024-02-20,sh.688248,21.9271026800,22.3396824000,21.3434533200,22.1786756800,3373545,73032399.2500
2024-02-21,sh.688248,22.1082352400,23.0742755600,21.7057184400,22.4201857600,3742259,83898477.8400
2024-02-22,sh.688248,23.0340238800,23.0340238800,22.3598082400,22.7220733600,2703676,60782680.1800
2024-02-23,sh.688248,23.0541497200,27.0692548000,22.6415700000,26.6063604800,10427926,258692770.7300
2024-02-26,sh.688248,26.6868638400,27.4717716000,26.2642212000,26.7170526000,9925217,263975058.4800
2024-02-27,sh.688248,26.4151650000,26.8277447200,25.8818302400,26.8277447200,7047152,184839025.0200
2024-02-28,sh.688248,27.1698840000,28.6189444800,26.3950391600,26.4654796000,11850771,325329785.0500
2024-02-29,sh.688248,26.0931515600,28.0151692800,25.9422077600,27.8038479600,8899863,241145248.5800
2024-03-01,sh.688248,28.4780636000,28.5283782000,27.4617086800,27.8239738000,8976485,250011166.3100
2024-03-04,sh.688248,28.1761760000,29.2629713600,27.7334075200,28.6793220000,9169253,259666125.4400
2024-03-05,sh.688248,28.2566793600,28.2566793600,27.3711424000,27.4818345200,7117085,196815272.1400
2024-03-06,sh.688248,27.2705132000,28.7396995200,27.2302615200,28.1862389200,7412521,208027217.6700
2024-03-07,sh.688248,28.0554209600,28.2063647600,26.8881222400,26.9484997600,5867746,160547033.9800
2024-03-08,sh.688248,26.8981851600,27.4214570000,26.6264863200,27.1698840000,3865477,103743451.7400
2024-03-11,sh.688248,27.9547917600,31.5070025200,27.9547917600,31.2654924400,17150096,519394677.5400
2024-03-12,sh.688248,30.6919060000,30.9434790000,29.8969353200,30.5007105200,10120077,306259513.4200
2024-03-13,sh.688248,30.1887600000,31.6680092400,30.1686341600,30.5711509600,8655358,265932840.2900
2024-03-14,sh.688248,30.1887600000,31.1246115600,30.0277532800,30.4906476000,6081145,184326988.5700
2024-03-15,sh.688248,30.3095150400,30.6617172400,29.6856140000,30.5610880400,5069356,151536619.4900
2024-03-18,sh.688248,30.5610880400,30.8730385600,29.8868724000,30.7925352000,5787868,175024354.1300
2024-03-19,sh.688248,31.1447374000,32.6340495600,30.8126610400,30.8629756400,10051004,318280037.2200
2024-03-20,sh.688248,30.4906476000,31.8793305600,30.4906476000,31.4969396000,5861957,181679721.2800
2024-03-21,sh.688248,31.4063733200,31.9296451600,30.8730385600,31.0843598800,4884438,151805976.5700
2024-03-22,sh.688248,30.9233531600,31.2755553600,29.2629713600,29.7761802800,6704630,198885905.8000
2024-03-25,sh.688248,29.3434747200,30.1082566400,29.1925309200,29.2025938400,4703316,138089111.4700
2024-03-26,sh.688248,29.0113983600,29.2730342800,27.9547917600,28.8705174800,6365052,181521177.1400
2024-03-27,sh.688248,29.1120275600,29.1724050800,27.4315199200,27.4717716000,3674559,102903700.4100
2024-03-28,sh.688248,27.3308907200,28.6491332400,27.2503873600,27.9447288400,4198649,116972436.7800
2024-03-29,sh.688248,27.8742884000,28.5485040400,27.4818345200,28.4378119200,3356785,94139774.9600
2024-04-01,sh.688248,29.1522792400,30.0378162000,29.0617129600,29.3434747200,5873045,172485995.4700
2024-04-02,sh.688248,29.0818388000,29.3736634800,28.6390703200,28.7799512000,3949778,113668284.8400
2024-04-03,sh.688248,28.5384411200,28.7799512000,27.8944142400,28.2768052000,3031020,85074824.0800
2024-04-08,sh.688248,28.0352951200,29.0516500400,27.8742884000,28.3673714800,3215417,91266345.8900
2024-04-09,sh.688248,28.1761760000,28.9912725200,28.0956726400,28.9308950000,3017026,85536332.0400
2024-04-10,sh.688248,28.4579377600,28.8202028800,27.0692548000,27.2906390400,4211832,116004782.5200
2024-04-11,sh.688248,27.1497581600,27.9749176000,26.9183110000,27.3208278000,3401708,92964297.5300
2024-04-12,sh.688248,27.3208278000,27.7434704400,26.9686256000,26.9686256000,2540289,69115447.1500
2024-04-15,sh.688248,26.9686256000,28.5585669600,26.9686256000,28.1560501600,5300961,147492931.9600
2024-04-16,sh.688248,27.7635962800,28.6793220000,26.9183110000,27.0088772800,4270975,116656718.1300
2024-04-17,sh.688248,27.0591918800,28.5585669600,27.0591918800,28.2466164400,4672372,130204612.4900
2024-04-18,sh.688248,28.3774344000,28.7598253600,27.5019603600,27.7535333600,5720070,159914870.6300
2024-04-19,sh.688248,27.6327783200,27.6529041600,26.5661088000,26.7774301200,4041576,108493918.1500
2024-04-22,sh.688248,26.6667380000,27.2705132000,26.2742841200,26.9988143600,2959652,79213740.6000
2024-04-23,sh.688248,26.9988143600,27.9648546800,26.4554166800,27.1698840000,3719560,100536814.2100
2024-04-24,sh.688248,26.8679964000,27.7434704400,26.8679964000,27.5220862000,3204815,87305033.8800
2024-04-25,sh.688248,27.5220862000,28.3774344000,27.0491289600,28.1258614000,4141285,114252046.1000
2024-04-26,sh.688248,28.3472456400,28.6793220000,27.9749176000,28.3472456400,4146565,116896175.5500
2024-04-29,sh.688248,28.3271198000,30.6516543200,28.1963018400,30.2390746000,9293975,273762641.4700
2024-04-30,sh.688248,30.1585712400,30.5409622000,29.4843556000,29.5145443600,7115317,211751467.9800
2024-05-06,sh.688248,30.0277532800,31.4868766800,30.0277532800,30.7019689200,8555649,263413145.2600
2024-05-07,sh.688248,30.2893892000,31.1246115600,30.2893892000,30.5711509600,4722367,144104635.5300
2024-05-08,sh.688248,30.3900184000,30.5308992800,29.7258656800,29.7560544400,4364098,130172086.5300
2024-05-09,sh.688248,29.6654881600,30.3598296400,29.6654881600,29.8063690400,3920316,116573832.5100
2024-05-10,sh.688248,29.8164319600,30.7925352000,29.6856140000,30.5812138800,7420630,222902472.5400
2024-05-13,sh.688248,30.4403330000,30.4403330000,29.3535376400,29.5145443600,5107574,150660777.0200
2024-05-14,sh.688248,29.8365578000,30.8730385600,29.7963061200,30.0981937200,6401142,193086126.9800
2024-05-15,sh.688248,30.1887600000,30.2189487600,29.0415871200,29.0617129600,5321364,155565156.5200
2024-05-16,sh.688248,29.0818388000,29.3032230400,27.8742884000,28.0051063600,4793157,135941718.3600
2024-05-17,sh.688248,28.1862389200,28.3170568800,27.7837221200,28.2868681200,2967185,82731984.7000
2024-05-20,sh.688248,28.2868681200,28.2969310400,27.8340367200,28.0252322000,3575533,99647734.5100
2024-05-21,sh.688248,28.0252322000,28.0252322000,27.3107648800,27.4415828400,3531051,96424542.1100
2024-05-22,sh.688248,27.4415828400,27.6730300000,26.9384368400,27.4717716000,3129815,85126924.7500
2024-05-23,sh.688248,27.4717716000,27.5724008000,26.7673672000,26.8176818000,2105377,56543017.8900
2024-05-24,sh.688248,27.0591918800,30.3095150400,27.0591918800,28.8805804000,13040010,377663764.3100
2024-05-27,sh.688248,29.1824680000,31.4969396000,29.1321534000,30.5107734400,16930061,511929504.7200
2024-05-28,sh.688248,30.1786970800,32.0202114400,30.1786970800,31.0038565200,14001025,433131180.2700
2024-05-29,sh.688248,30.6919060000,31.5472542000,30.4000813200,30.6415914000,9013571,277176907.3100
2024-05-30,sh.688248,31.4164362400,32.4327911600,30.1887600000,30.3497667200,8040136,247628377.9600
2024-05-31,sh.688248,30.1082566400,31.0843598800,29.8164319600,29.9271240800,5835652,174888971.0700
2024-06-03,sh.688248,29.7158027600,30.1686341600,29.0818388000,30.0478791200,6336687,187077715.1100
2024-06-04,sh.688248,29.4642297600,31.6478834000,29.4642297600,31.6478834000,10550662,322311554.5300
2024-06-05,sh.688248,31.4164362400,31.5975688000,30.3900184000,30.4302700800,7266577,223606901.2600
2024-06-06,sh.688248,30.1887600000,30.8126610400,29.9371870000,30.1183195600,6118354,184517819.5100
2024-06-07,sh.688248,30.1887600000,30.3900184000,28.2768052000,28.6591961600,7574883,219711239.2800
2024-06-11,sh.688248,28.8503916400,29.2327826000,28.0755468000,29.2025938400,4176321,118756278.1800
2024-06-12,sh.688248,29.1321534000,29.3736634800,28.7296366000,29.2025938400,3067298,88797396.7500
2024-06-13,sh.688248,29.0617129600,30.9535419200,29.0516500400,30.6214655600,7454504,224420672.6100
2024-06-14,sh.688248,30.3397038000,32.0805889600,30.2994521200,31.3359328800,12178520,380244891.8800
2024-06-17,sh.688248,31.0742969600,32.7950562800,30.6919060000,31.7988272000,9633453,306161648.5900
2024-06-18,sh.688248,31.5070025200,31.9698968400,31.0441082000,31.4466250000,5642587,176105251.1300
2024-06-19,sh.688248,31.3359328800,31.5875058800,30.6415914000,30.7120318400,3944593,121299678.8900
2024-06-20,sh.688248,30.7422206000,31.2654924400,30.5409622000,30.7321576800,4442553,136564506.6900
2024-06-21,sh.688248,31.1648632400,31.4768137600,29.9774386800,30.3900184000,4396527,133549227.7200
2024-06-24,sh.688248,30.3598296400,30.5510251200,29.1824680000,29.4642297600,5001748,149132915.4200
2024-06-25,sh.688248,29.6252364800,29.6352994000,28.7598253600,29.0717758800,3320435,96168293.1700
2024-06-26,sh.688248,29.2629713600,30.1887600000,28.6591961600,30.0076274400,3727269,108699462.5800
2024-06-27,sh.688248,29.8868724000,29.9371870000,28.4378119200,28.5384411200,4025254,115964892.4700
2024-06-28,sh.688248,28.4780636000,30.4302700800,28.2768052000,29.8164319600,5257357,154627882.4600
2024-07-01,sh.688248,29.9875016000,30.8529127200,29.3837264000,30.5208363600,4664171,139956329.2900
2024-07-02,sh.688248,30.4000813200,30.5107734400,29.7459915200,30.0478791200,3175788,94740406.1100
2024-07-03,sh.688248,29.8868724000,30.1686341600,29.3434747200,29.7057398400,2778411,82166251.8500
2024-07-04,sh.688248,29.2502969000,30.0195088600,28.7442364000,28.8656909200,2955238,85742736.4300
2024-07-05,sh.688248,28.7037515600,28.9162969700,27.5195699900,28.2381759000,4136555,114753974.1200
2024-07-08,sh.688248,27.8636911300,28.7138727700,27.7624790300,28.2989031600,2547850,71381811.0200
2024-07-09,sh.688248,28.0357517000,29.6349028800,27.9345396000,29.4021150500,3545519,101322017.1100
2024-07-10,sh.688248,29.4021150500,29.6349028800,28.7239939800,28.7341151900,2363925,67998549.9500
2024-07-11,sh.688248,29.2806605300,29.5336907800,28.5924182500,29.0984787500,2757804,79393011.8000
2024-07-12,sh.688248,28.8960545500,29.6247816700,28.7948424500,29.6247816700,1903089,54910977.9400
2024-07-15,sh.688248,29.2502969000,29.6045392500,28.9365393900,29.2098120600,2230656,64369336.3300
2024-07-16,sh.688248,29.5134483600,29.6247816700,29.0579939100,29.2705393200,2026910,58625825.3200
2024-07-17,sh.688248,29.0883575400,29.2705393200,27.5296912000,27.5701760400,5436414,150656247.7600
2024-07-18,sh.688248,27.4082366800,27.7422366100,26.8515701300,27.5195699900,2574017,69592114.3700
2024-07-19,sh.688248,27.3272670000,27.9041759700,27.1855700600,27.3778730500,2249291,61187127.9400
2024-07-22,sh.688248,27.7219941900,28.6025394600,27.3879942600,28.0256304900,3113545,86551215.6800
2024-07-23,sh.688248,27.9851456500,28.3191455800,27.3171457900,27.4082366800,2213494,60655424.1000
2024-07-24,sh.688248,27.1248428000,27.6005396700,26.5175702000,26.5378126200,2256899,60203668.0200
2024-07-25,sh.688248,26.5074489900,27.0944791700,26.3455096300,26.6896307700,1542188,40779861.7600
2024-07-26,sh.688248,26.7199944000,27.4892063600,26.5175702000,27.1147215900,1773381,47447522.0300
2024-07-29,sh.688248,27.2260549000,27.6309033000,26.4973277800,26.6693883500,1929549,51195194.2100
2024-07-30,sh.688248,26.6693883500,26.9224186000,26.3151460000,26.7098731900,1471748,38638431.7900
2024-07-31,sh.688248,26.7199944000,27.7726002400,26.3657520500,27.6005396700,2725272,73431730.0300
2024-08-01,sh.688248,27.7118729800,27.8333275000,27.3272670000,27.3677518400,2061284,56001947.4600
2024-08-02,sh.688248,27.1754488500,27.5499336200,26.4062368900,26.5782974600,2418012,64222290.0800
2024-08-05,sh.688248,26.2847823700,27.1248428000,26.2341763200,26.3657520500,2112429,55638945.4300
2024-08-06,sh.688248,26.8212065000,27.1248428000,26.3353884200,26.7908428700,1852633,48987676.5600
2024-08-07,sh.688248,27.5296912000,27.7017517700,27.0742367500,27.0944791700,2461963,66474429.0000
2024-08-08,sh.688248,26.9527822300,27.0742367500,26.4669641500,26.7807216600,1469829,38802982.3700
2024-08-09,sh.688248,26.9831458600,27.1855700600,26.4770853600,26.4973277800,1190559,31426322.1800
2024-08-12,sh.688248,26.7503580300,26.7503580300,26.3151460000,26.4770853600,1127096,29495523.4300
2024-08-13,sh.688248,26.3455096300,26.6693883500,26.3151460000,26.5884186700,1022032,26748606.4900
2024-08-14,sh.688248,26.5884186700,26.7402368200,26.2645399500,26.2847823700,1164583,30316630.7200
2024-08-15,sh.688248,26.2847823700,26.3151460000,24.6451463500,25.4244795200,4369916,109580010.3500
2024-08-16,sh.688248,25.4042371000,25.5864188800,25.1512068500,25.2321765300,1488427,37213313.8200
2024-08-19,sh.688248,25.2220553200,26.0722369600,25.0297523300,25.5054492000,1617491,41072941.2100
2024-08-20,sh.688248,25.5054492000,25.5054492000,24.8172069200,24.9386614400,1153071,28515881.9900
2024-08-21,sh.688248,24.8070857100,25.1006008000,24.6451463500,24.8576917600,645107,15883154.8000
2024-08-22,sh.688248,24.8475705500,25.1208432200,24.7969645000,24.8475705500,978165,24100674.8000
2024-08-23,sh.688248,24.9993887000,25.0297523300,24.3617524700,24.4629645700,1137893,27705747.9400
2024-08-26,sh.688248,24.4629645700,25.3839946800,24.3212676300,25.2018129000,1431168,35509875.7800
2024-08-27,sh.688248,24.9993887000,25.5965400900,24.9487826500,25.1815704800,1603094,40075170.0400
2024-08-28,sh.688248,24.9791462800,25.5054492000,24.9791462800,25.4447219400,1061368,26573587.1200
2024-08-29,sh.688248,25.2119341100,25.5864188800,25.2119341100,25.3536310500,1930906,48564421.9200
2024-08-30,sh.688248,25.7989642900,26.9730246500,25.7078734000,26.5681762500,4608992,120429687.4500
2024-09-02,sh.688248,26.4568429400,26.8515701300,26.3151460000,26.3151460000,2538222,66520896.8700
2024-09-03,sh.688248,26.3151460000,26.6896307700,26.1936914800,26.6491459300,1664585,43683015.7900
2024-09-04,sh.688248,26.4264793100,26.7199944000,26.3353884200,26.4366005200,1140117,29855835.7900
2024-09-05,sh.688248,26.7199944000,26.8212065000,26.3455096300,26.3859944700,1010103,26406824.4600
2024-09-06,sh.688248,26.3859944700,26.4264793100,25.9204188100,26.0013884900,1984629,51323010.1200
2024-09-09,sh.688248,25.6876309800,26.1633278500,25.5054492000,25.7281158200,1369774,34838908.2300
2024-09-10,sh.688248,25.7888430800,26.1127218000,25.6269037200,25.8293279200,1224654,31291552.0600
2024-09-11,sh.688248,25.7179946100,26.2746611600,25.7179946100,26.0924793800,1193580,30762190.4000
2024-09-12,sh.688248,26.1936914800,26.8718125500,26.1127218000,26.5175702000,1991728,52420618.0900
2024-09-13,sh.688248,26.5378126200,26.5479338300,26.1633278500,26.2240551100,1247030,32436866.7300
2024-09-18,sh.688248,26.1835702700,26.6795095600,25.9609036500,26.4872065700,1328379,34553594.8100
2024-09-19,sh.688248,26.5378126200,26.8819337600,26.4062368900,26.6795095600,2177207,57392883.3700
2024-09-20,sh.688248,26.5782974600,26.8718125500,26.4467217300,26.7199944000,1379344,36417559.4000
2024-09-23,sh.688248,26.7604792400,26.9730246500,26.4467217300,26.6693883500,1812568,48039343.2500
2024-09-24,sh.688248,26.8414489200,27.3879942600,26.6187823000,27.3373882100,2473773,66216210.5100
2024-09-25,sh.688248,27.7624790300,28.0053880700,27.1956912700,27.2159336900,3356127,91516168.3300
2024-09-26,sh.688248,27.3272670000,27.6612669300,26.9730246500,27.6106608800,3055860,82535793.7200
2024-09-27,sh.688248,28.1369638000,29.2502969000,28.1369638000,28.9466606000,4021230,114574827.2500
2024-09-30,sh.688248,29.9385391800,34.6145382000,29.9385391800,34.6145382000,12760295,412426978.5500
2024-10-08,sh.688248,41.5273246300,41.5273246300,37.3270224800,41.5172034200,14463510,567653252.9800
2024-10-09,sh.688248,41.4463549500,41.4463549500,36.0517500200,36.8209619800,12303473,465178977.8600
2024-10-10,sh.688248,36.4363560000,38.0253859700,35.6975076700,35.8594470300,6976742,253350825.1500
2024-10-11,sh.688248,35.5546800000,35.9914946400,32.8423658400,33.2690220000,5769113,193137958.7800
2024-10-14,sh.688248,33.4417161600,33.9597986400,32.5884038400,33.8277384000,5021212,164927243.6100
2024-10-15,sh.688248,33.6245688000,34.8232694400,33.2283880800,33.3807652800,5208273,174087501.1800
2024-10-16,sh.688248,32.8118904000,33.0760108800,32.1007968000,32.4055512000,3824045,122490545.1000
2024-10-17,sh.688248,32.8118904000,33.2893389600,32.3141248800,32.3547588000,3599880,115912543.0300
2024-10-18,sh.688248,32.3547588000,36.5197356000,32.2023816000,34.9350127200,8158923,275272396.0800
2024-10-21,sh.688248,35.2499256000,36.8955993600,34.9959636000,35.7781665600,7698793,272094653.6800
2024-10-22,sh.688248,35.5648384800,36.3267244800,35.0264390400,35.6968987200,4419901,154931114.3400
2024-10-23,sh.688248,35.7070572000,36.4892601600,35.3515104000,35.6257893600,5141818,181539900.7200
2024-10-24,sh.688248,35.2702425600,35.6156308800,34.4474056800,34.6505752800,3329196,114438238.6700
2024-10-25,sh.688248,34.6505752800,35.8594344000,34.3559793600,35.4023028000,3736972,129079477.1500
2024-10-28,sh.688248,35.7883250400,35.9914946400,35.0772314400,35.5140460800,3534921,123388428.6700
2024-10-29,sh.688248,35.7578496000,36.3673584000,35.0467560000,35.1381823200,4688947,164596541.8300
2024-10-30,sh.688248,35.7070572000,36.5705280000,34.7826355200,35.1889747200,4636113,162047191.3200
2024-10-31,sh.688248,35.6664232800,36.7229052000,34.7420016000,35.7476911200,6780073,239817026.7800
2024-11-01,sh.688248,35.4023028000,35.6867402400,34.2645530400,34.3051869600,4699701,161157854.8400
2024-11-04,sh.688248,34.5388320000,35.7375326400,34.4677226400,35.0365975200,4519214,156306835.0500
2024-11-05,sh.688248,35.3718273600,36.9565502400,34.8435864000,36.4283092800,6041812,213830515.4100
2024-11-06,sh.688248,36.6924297600,37.4339988000,35.6359478400,35.9102268000,6315793,227408694.0500
2024-11-07,sh.688248,35.6054724000,37.5660590400,35.6054724000,37.4644742400,6896331,251180134.4100
2024-11-08,sh.688248,38.3482620000,38.5006392000,36.9159163200,37.0479765600,6336424,234897127.0700
2024-11-11,sh.688248,36.9667087200,38.3482620000,36.9667087200,38.0130321600,5663107,211250075.5600
2024-11-12,sh.688248,38.1044584800,38.5717485600,37.0987689600,37.4136818400,5453752,203059761.2000
2024-11-13,sh.688248,37.0987689600,38.0435076000,36.6924297600,37.7184362400,3881503,143223745.9900
2024-11-14,sh.688248,37.7895456000,37.9723982400,36.1641888000,36.2962490400,3961222,144108399.5400
2024-11-15,sh.688248,36.1438718400,36.8143315200,35.1991332000,35.3616688800,3789770,134511255.5700
2024-11-18,sh.688248,35.2397671200,35.6867402400,34.3051869600,34.5896244000,4076662,140075868.1300
2024-11-19,sh.688248,34.5896244000,35.5343630400,34.2645530400,35.4734121600,3164139,109052383.1900
2024-11-20,sh.688248,35.2296086400,35.7476911200,34.8943788000,35.2804010400,2464797,85617249.6600
2024-11-21,sh.688248,35.2804010400,35.7070572000,34.6708922400,34.8943788000,2364452,81794000.9200
2024-11-22,sh.688248,34.6404168000,35.0061220800,32.6290377600,32.6899886400,4271072,142017964.4700
2024-11-25,sh.688248,33.0353769600,33.4112407200,32.6391962400,33.2283880800,2718821,88401584.7800
2024-11-26,sh.688248,33.2283880800,33.7363120800,32.6899886400,32.7509395200,1999824,65169230.2200
2024-11-27,sh.688248,32.7103056000,33.3706068000,31.9992120000,33.3198144000,2583835,82925048.2100
2024-11-28,sh.688248,33.0963278400,33.4925085600,32.8322073600,32.9236336800,2182816,71429370.2700
2024-11-29,sh.688248,32.7306225600,34.1426512800,32.7306225600,33.7159951200,2929972,96783810.7700
2024-12-02,sh.688248,33.5026670400,34.1934436800,33.4315576800,34.0512249600,2563494,85646888.1600
2024-12-03,sh.688248,34.0817004000,34.3762963200,33.6753612000,34.0613834400,2487374,83293175.3600
2024-12-04,sh.688248,34.0817004000,34.1832852000,33.2182296000,33.5026670400,2148937,71451777.8100
2024-12-05,sh.688248,33.3096559200,34.0918588800,33.3096559200,33.6550442400,1889446,62730288.5700
2024-12-06,sh.688248,33.9191647200,34.3458208800,33.2487050400,33.8378968800,2585074,86025558.2400
2024-12-09,sh.688248,33.8378968800,33.8785308000,33.1166448000,33.5026670400,2604771,85981225.2200
2024-12-10,sh.688248,34.6200998400,34.9045372800,33.6347272800,33.6753612000,3271121,109734064.1700
2024-12-11,sh.688248,33.8785308000,33.9090062400,33.3299728800,33.3604483200,2251027,74336216.8800
2024-12-12,sh.688248,33.3706068000,33.6245688000,32.6798301600,32.9845845600,2819798,91594760.5200
2024-12-13,sh.688248,32.8829997600,32.8829997600,32.1109552800,32.3242833600,3536401,112718839.8600
2024-12-16,sh.688248,32.2328570400,32.5477699200,31.7046160800,32.0195289600,2791108,87698811.9300
2024-12-17,sh.688248,32.0804798400,32.2734909600,31.6335067200,31.8671517600,2998084,94276960.7100
2024-12-18,sh.688248,32.0195289600,32.2938079200,31.8569932800,32.2125400800,2855397,90230439.3500
2024-12-19,sh.688248,31.6741406400,33.4925085600,31.6741406400,33.2182296000,6062656,197044454.3600
2024-12-20,sh.688248,33.1166448000,34.7216846400,32.9947430400,33.8277384000,6328987,213364718.3700
2024-12-23,sh.688248,33.9394816800,34.3255039200,32.8423658400,32.9134752000,3215617,105660487.3800
2024-12-24,sh.688248,33.1166448000,34.2747115200,32.9134752000,33.9496401600,4424356,147490013.8900
2024-12-25,sh.688248,33.7464705600,34.5185150400,33.5534594400,34.0309080000,3197606,107310811.3000
2024-12-26,sh.688248,33.9597986400,35.0467560000,33.8175799200,34.4067717600,3545644,120058149.9800
2024-12-27,sh.688248,34.9350127200,34.9350127200,33.8175799200,33.9293232000,2619890,88116611.6000
2024-12-30,sh.688248,33.6042518400,34.1629682400,33.5026670400,33.5737764000,1903168,63263575.6600
2024-12-31,sh.688248,33.4417161600,33.7464705600,32.5680868800,32.5985623200,2230454,72383385.0200
2025-01-02,sh.688248,32.5172944800,32.9236336800,30.8411452800,31.1662166400,3136129,97914454.3200
2025-01-03,sh.688248,31.5522388800,31.6233482400,30.4754400000,30.6481341600,2370553,72530684.3800
2025-01-06,sh.688248,30.5567078400,31.1357412000,30.2925873600,30.8411452800,2050764,62129454.2100
2025-01-07,sh.688248,31.0443148800,31.1763751200,30.4144891200,30.8716207200,1877583,56919151.9300
2025-01-08,sh.688248,30.6684511200,31.1662166400,29.7643464000,30.7294020000,2468627,74187627.5100
2025-01-09,sh.688248,30.4348060800,30.9427300800,30.4348060800,30.5973417600,1831396,55364654.6300
2025-01-10,sh.688248,30.7497189600,30.7801944000,29.9370405600,29.9370405600,1632168,48857523.7400
2025-01-13,sh.688248,30.0691008000,30.8309868000,29.6424446400,30.2824288800,2219119,66319569.2000
2025-01-14,sh.688248,30.2011610400,31.3897032000,30.2011610400,31.2271675200,2264610,68975586.3900
2025-01-15,sh.688248,30.9833640000,31.4506540800,30.5059154400,30.5567078400,2198634,66522654.5800
2025-01-16,sh.688248,30.5668663200,31.3795447200,30.3840136800,30.6481341600,2157214,65376049.4900
2025-01-17,sh.688248,30.4957569600,31.1662166400,30.2722704000,30.8716207200,2089194,63149945.9400
2025-01-20,sh.688248,31.2170090400,31.6335067200,30.9020961600,30.9935224800,2017748,61878207.0000
2025-01-21,sh.688248,31.1865336000,31.3897032000,30.6582926400,31.2982768800,1751057,53499422.7000
2025-01-22,sh.688248,31.1255827200,31.6944576000,31.0036809600,31.6030312800,1980938,61265826.8800
2025-01-23,sh.688248,31.9992120000,32.2023816000,31.1865336000,31.1865336000,2531608,78930318.1500
2025-01-24,sh.688248,31.1865336000,31.5827143200,30.9833640000,31.4608125600,1920083,59264536.1900
2025-01-27,sh.688248,31.4811295200,31.6233482400,30.4855984800,30.4855984800,2182127,66288646.3600
2025-02-05,sh.688248,30.6887680800,30.9630470400,29.9878329600,30.3027458400,2286222,68183149.4800
2025-02-06,sh.688248,29.9878329600,31.4404956000,29.9268820800,31.3693862400,3007067,91239546.6400
2025-02-07,sh.688248,31.3490692800,33.1166448000,31.1357412000,32.3039664000,4182036,132879835.0600
2025-02-10,sh.688248,32.4563436000,32.8118904000,32.0804798400,32.6290377600,2926621,93659174.2100
2025-02-11,sh.688248,32.7306225600,32.7306225600,32.0093704800,32.3242833600,2274231,72234331.8200
2025-02-12,sh.688248,32.3547588000,32.8118904000,32.1922231200,32.6595132000,2304389,73808327.3000
2025-02-13,sh.688248,32.7915734400,32.9134752000,31.8773102400,31.9788950400,1988595,63192297.9100
2025-02-14,sh.688248,31.6741406400,32.4766605600,31.6436652000,32.0398459200,2203766,69527179.8400
2025-02-17,sh.688248,32.1922231200,32.4766605600,31.5217634400,31.8468348000,2625128,82571387.6800
2025-02-18,sh.688248,32.2633324800,33.2690220000,31.9179441600,32.2023816000,5913591,190348781.9300
2025-02-19,sh.688248,32.1109552800,33.1979126400,31.7452500000,33.0861693600,5006350,161949489.2900
2025-02-20,sh.688248,32.9947430400,33.5737764000,32.7204640800,33.2080711200,4007896,130846238.0900
2025-02-21,sh.688248,33.1775956800,34.7216846400,33.1775956800,34.5083565600,6407358,214742970.4300
2025-02-24,sh.688248,34.8435864000,35.2296086400,33.7363120800,34.0512249600,6154220,208164649.4700
2025-02-25,sh.688248,33.6042518400,34.3153454400,33.3401313600,33.7058366400,4104847,136708427.3700
2025-02-26,sh.688248,33.7058366400,34.5185150400,33.5433009600,34.2950284800,3598323,120890986.3100
2025-02-27,sh.688248,34.4169302400,34.5185150400,33.4417161600,34.0309080000,3510612,117202888.9300
2025-02-28,sh.688248,33.7769460000,34.0309080000,32.8626828000,32.8728412800,3487921,114850494.0200
2025-03-03,sh.688248,33.0455354400,34.0004325600,32.5172944800,33.4417161600,3844099,126680561.4800
2025-03-04,sh.688248,33.5331424800,34.3356624000,33.1268032800,34.2036021600,3256003,108488992.3200
2025-03-05,sh.688248,34.2036021600,34.8334279200,33.9293232000,34.3559793600,3525579,119201778.5900
2025-03-06,sh.688248,34.6200998400,35.0264390400,34.2137606400,34.5997828800,4377173,149381844.8700
2025-03-07,sh.688248,34.4169302400,34.5388320000,33.8175799200,34.0410664800,2676535,89872728.4000
2025-03-10,sh.688248,34.0410664800,34.1934436800,33.6042518400,33.8074214400,2189594,72902040.1100
2025-03-11,sh.688248,33.4010822400,33.8277384000,33.4010822400,33.7667875200,1797851,59494295.1400
2025-03-12,sh.688248,33.6042518400,34.2239191200,33.4315576800,33.9293232000,2444813,81421175.8500
2025-03-13,sh.688248,33.7159951200,34.3356624000,33.3401313600,33.6652027200,2934606,97726466.2000
2025-03-14,sh.688248,33.3807652800,33.7769460000,33.0353769600,33.6448857600,2659273,87608169.1700
2025-03-17,sh.688248,33.6550442400,33.8683723200,33.3198144000,33.3706068000,1892199,62402608.4800
2025-03-18,sh.688248,33.5331424800,33.9902740800,33.3909237600,33.5229840000,2008882,66487531.3900
2025-03-19,sh.688248,33.3198144000,33.5636179200,32.8423658400,33.0455354400,2156051,70161381.1400
2025-03-20,sh.688248,32.9033167200,33.1877541600,32.8118904000,32.8423658400,1610490,52325425.0300
2025-03-21,sh.688248,32.7915734400,33.2994974400,32.3039664000,32.4157096800,2024968,65298299.4900
2025-03-24,sh.688248,32.5071360000,33.3401313600,32.2430155200,32.7509395200,2276318,73433175.6500
2025-03-25,sh.688248,32.8118904000,33.5026670400,32.5172944800,32.9236336800,2333093,75822916.4000
2025-03-26,sh.688248,32.8423658400,33.3502898400,32.8017319200,33.1166448000,1624052,52922279.8500
2025-03-27,sh.688248,33.1166448000,33.3706068000,32.4360266400,32.9439506400,1579488,51197891.4600
2025-03-28,sh.688248,32.7610980000,33.2080711200,32.5274529600,32.5477699200,1345836,43427471.8200
2025-03-31,sh.688248,32.4055512000,32.4563436000,31.1865336000,31.6131897600,2609463,81300975.0500
2025-04-01,sh.688248,31.6436652000,31.8773102400,31.3490692800,31.5725558400,1690263,52574657.8800
2025-04-02,sh.688248,31.5827143200,31.9687365600,31.3490692800,31.8366763200,1721638,53720652.7900
2025-04-03,sh.688248,31.3998616800,31.8976272000,31.3287523200,31.5420804000,1451833,45117750.9500
2025-04-07,sh.688248,28.6265966400,30.8411452800,25.8939655200,26.6152176000,4457679,123252255.9900
2025-04-08,sh.688248,27.1434585600,28.6062796800,27.0926661600,28.0881972000,3838122,105622665.2200
2025-04-09,sh.688248,27.7631258400,29.5814937600,26.8387041600,29.3884826400,4594713,129329656.9900
2025-04-10,sh.688248,29.5205428800,30.0183084000,29.0024604000,29.0430943200,4261294,123552259.0600
2025-04-11,sh.688248,28.9110340800,29.4494335200,28.8907171200,29.1345206400,2640027,75768101.1100
2025-04-14,sh.688248,29.5103844000,29.6119692000,29.0024604000,29.0430943200,2486460,71628064.7600
2025-04-15,sh.688248,29.0430943200,29.1853130400,28.4640609600,29.0024604000,2286893,64815229.8100
2025-04-16,sh.688248,29.0024604000,29.0024604000,28.1796235200,28.7383399200,1870148,52598415.9900
2025-04-17,sh.688248,28.6469136000,28.9821434400,28.3929516000,28.7789738400,1476964,41819436.6100
2025-04-18,sh.688248,28.7891323200,28.9516680000,28.4945364000,28.7992908000,1368926,38731966.8100
2025-04-21,sh.688248,28.7992908000,29.1243621600,28.5554872800,29.0329358400,1277012,36355562.8700
2025-04-22,sh.688248,28.9923019200,29.2462639200,28.8297662400,29.1040452000,1640927,46977732.0400
2025-04-23,sh.688248,29.2767393600,29.5611768000,29.0024604000,29.4291165600,1690816,48747033.4500
2025-04-24,sh.688248,29.4291165600,29.6526031200,29.1345206400,29.3275317600,1382449,39942651.0700
2025-04-25,sh.688248,29.4595920000,30.1706856000,29.2361054400,30.0691008000,2199233,64771020.7500
2025-04-28,sh.688248,30.2417949600,30.5770248000,29.5002259200,29.6526031200,2085726,61306250.2800
2025-04-29,sh.688248,29.4595920000,29.8557727200,29.1649960800,29.1954715200,1639854,47440289.9400
2025-04-30,sh.688248,29.4392750400,29.5510183200,28.9923019200,29.1446791200,1333170,38473920.0100
2025-05-06,sh.688248,29.3986411200,29.7135540000,29.1446791200,29.5002259200,2352475,68084144.0300
2025-05-07,sh.688248,29.8151388000,30.0589423200,29.4595920000,29.5916522400,2367136,69181358.3000
2025-05-08,sh.688248,29.4392750400,30.3535382400,29.2361054400,30.1198932000,3019369,88949481.9500
2025-05-09,sh.688248,30.0995762400,30.3433797600,29.6018107200,29.6424446400,2302133,67734072.5000
2025-05-12,sh.688248,29.9471990400,30.0081499200,29.6119692000,29.7745048800,1907302,55842682.9500
2025-05-13,sh.688248,30.1198932000,30.1198932000,29.6424446400,29.6627616000,1855210,54361534.7600
2025-05-14,sh.688248,29.7643464000,29.9268820800,29.5002259200,29.6627616000,1504194,43908374.9600
2025-05-15,sh.688248,29.5408598400,29.6627616000,29.1040452000,29.1446791200,1347538,38948735.9300
2025-05-16,sh.688248,29.0735697600,29.5408598400,29.0532528000,29.3072148000,1291835,37367905.4000
2025-05-19,sh.688248,29.3580072000,29.5916522400,28.7484984000,28.9923019200,1197777,34205211.3500
2025-05-20,sh.688248,28.9923019200,29.3478487200,28.8094492800,29.3072148000,971695,27882816.5700
2025-05-21,sh.688248,29.3072148000,29.6526031200,29.0227773600,29.0532528000,1286389,37034073.1900
2025-05-22,sh.688248,28.9719849600,29.7338709600,28.6875475200,29.1954715200,2246074,64471016.2700
2025-05-23,sh.688248,29.1751545600,29.2868978400,28.7484984000,28.7484984000,1537207,43941188.6100
2025-05-26,sh.688248,28.4437440000,28.9719849600,28.4234270400,28.5046948800,1205682,33940419.5200
2025-05-27,sh.688248,28.5656457600,28.5758042400,28.2913668000,28.3929516000,1069387,29885657.4000
2025-05-28,sh.688248,28.4539024800,28.6773890400,28.2202574400,28.3320007200,1013010,28343445.8000
2025-05-29,sh.688248,28.3320007200,28.7992908000,28.2507328800,28.7688153600,1460427,41169352.3600
2025-05-30,sh.688248,29.1853130400,30.5262324000,29.0430943200,29.5814937600,4872666,143129639.8400
2025-06-03,sh.688248,29.5611768000,29.5611768000,28.6672305600,29.0735697600,2703408,77608380.8100
2025-06-04,sh.688248,29.1345206400,29.4494335200,28.9923019200,29.0329358400,1723446,49428207.4400
2025-06-05,sh.688248,29.8151388000,30.3332212800,29.5611768000,29.7643464000,4188090,123057247.1100
2025-06-06,sh.688248,29.8557727200,30.6786096000,29.4595920000,30.1097347200,5291309,157132450.7500
2025-06-09,sh.688248,30.1198932000,31.3389108000,29.8964066400,31.3389108000,5927080,178367802.7500
2025-06-10,sh.688248,31.2576429600,31.9788950400,30.6176587200,30.6887680800,4522577,138693066.3700
2025-06-11,sh.688248,30.8614622400,32.8017319200,30.8614622400,31.8265178400,5354620,168917101.1400
2025-06-12,sh.688248,31.6436652000,32.2836494400,31.5217634400,32.1820646400,3096489,97281393.8500
2025-06-13,sh.688248,31.8874687200,32.4360266400,31.4404956000,31.7655669600,2787391,87412183.8600
2025-06-16,sh.688248,31.5928728000,32.9947430400,31.5725558400,31.9585780800,3385945,107310873.9600
2025-06-17,sh.688248,31.8062008800,32.3446003200,31.3490692800,31.3795447200,2989412,93538088.9800
2025-06-18,sh.688248,31.3693862400,31.7757254400,31.1052657600,31.5522388800,1814266,56113593.7800
2025-06-19,sh.688248,31.4811295200,32.1211137600,31.3693862400,31.7858839200,2804103,87603653.3700
2025-06-20,sh.688248,31.6944576000,32.1312722400,31.1865336000,31.2881184000,2189807,68213109.9700
2025-06-23,sh.688248,31.4404956000,32.4665020800,30.9528885600,31.8468348000,2797093,87867828.0000
2025-06-24,sh.688248,31.8569932800,32.8829997600,31.7452500000,32.7814149600,3558718,113250531.0500
2025-06-25,sh.688248,32.8423658400,32.9947430400,32.3852342400,32.7509395200,2830486,91039147.5600
2025-06-26,sh.688248,33.0150600000,33.0150600000,32.0093704800,32.1820646400,2831610,90149809.4800
2025-06-27,sh.688248,32.2023816000,32.7915734400,31.8468348000,32.1007968000,2016368,63599402.6400
2025-06-30,sh.688248,31.8874687200,32.1820646400,31.6639821600,31.9585780800,2042301,63987301.1500
2025-07-01,sh.688248,31.9585780800,32.1820646400,31.6741406400,31.8468348000,1385366,43435042.9800
2025-07-02,sh.688248,31.8468348000,32.1414307200,31.3693862400,31.7249330400,2046494,64034322.0500
2025-07-03,sh.688248,31.7249330400,31.8366763200,31.1763751200,31.4506540800,1972250,60942321.6400
2025-07-04,sh.688248,31.3185938400,31.6842991200,31.2068505600,31.3998616800,1596579,49450579.7100
2025-07-07,sh.688248,31.6639821600,36.7533806400,31.5522388800,36.0219700800,12476643,423512918.3500
2025-07-08,sh.688248,35.3210349600,35.3718273600,34.3559793600,34.7013676800,8131229,277452433.7000
2025-07-09,sh.688248,34.7013676800,35.1280238400,33.9293232000,34.1020173600,4751495,161443898.5700
2025-07-10,sh.688248,33.7871044800,35.3311934400,33.7667875200,34.5286735200,5371430,183244039.4100
2025-07-11,sh.688248,34.2950284800,34.3762963200,33.7363120800,33.8683723200,4301782,143905122.2900
2025-07-14,sh.688248,33.9293232000,34.7216846400,33.9090062400,33.9496401600,3136341,105571764.8300
2025-07-15,sh.688248,33.8277384000,34.1020173600,33.4010822400,33.6550442400,2856037,94774254.9100
2025-07-16,sh.688248,33.7566290400,34.9451712000,33.5229840000,34.6404168000,4765043,161527237.8900
2025-07-17,sh.688248,34.7927940000,34.7927940000,34.2137606400,34.5693074400,2920108,99082323.7600
2025-07-18,sh.688248,34.7216846400,34.8131109600,34.1934436800,34.3966132800,2703642,91735086.4200
2025-07-21,sh.688248,34.7216846400,36.5095771200,34.5591489600,35.5851554400,6278474,219331040.9400
2025-07-22,sh.688248,35.5953139200,35.9407022400,34.3661378400,34.7013676800,5363643,183554281.0700
2025-07-23,sh.688248,34.7013676800,35.2194501600,33.9293232000,34.1731267200,4337338,147210805.2900
2025-07-24,sh.688248,33.8582138400,34.4270887200,33.8480553600,34.1731267200,3284897,110315690.1700
2025-07-25,sh.688248,34.2547125100,34.7952006800,33.8875884700,34.4178787500,2955716,99662578.2700
2025-07-28,sh.688248,34.1731293900,35.3764804100,34.1731293900,35.1929183900,3651864,124446369.8200
2025-07-29,sh.688248,35.2133141700,35.4886572000,34.5096597600,34.7748049000,2478529,84631521.8700
2025-07-30,sh.688248,34.8053985700,35.0807416000,34.0609526000,34.3057019600,2458960,83287632.8100
2025-07-31,sh.688248,34.2649104000,34.5504513200,33.6734327800,33.7550159000,2315012,77450244.0900
2025-08-01,sh.688248,33.7346201200,34.1425357200,33.4694749800,33.9691715900,2199478,72910706.7300
2025-08-04,sh.688248,33.9589737000,33.9895673700,33.4592770900,33.9487758100,1976209,65390636.0900
2025-08-05,sh.688248,34.0303589300,34.2445146200,33.5816517700,34.2343167300,1832006,61100458.3900
2025-08-06,sh.688248,34.1119420500,35.0195542600,33.8773905800,34.8053985700,3905330,132347400.0200
2025-08-07,sh.688248,34.8053985700,35.9883538100,34.7952006800,35.0297521500,4234095,146092286.7900
2025-08-08,sh.688248,34.7748049000,35.0807416000,34.6524302200,34.6728260000,1995411,68083810.4600
2025-08-11,sh.688248,34.6524302200,35.2643036200,34.6422323300,34.8767838000,2191413,75280855.8500
2025-08-12,sh.688248,34.7748049000,34.8461901300,34.5198576500,34.6014407700,1946354,66126580.0000
2025-08-13,sh.688248,34.5708471000,35.0807416000,34.4892639800,34.9685648100,2783083,94960557.4000
2025-08-14,sh.688248,34.9889605900,35.1725226100,34.3158998500,34.3158998500,2957961,100645237.9900
2025-08-15,sh.688248,34.3158998500,35.3356888500,34.2649104000,35.2031162800,3524203,121186834.1900
2025-08-18,sh.688248,35.5192508700,36.0087495900,35.1113352700,35.7028128900,3983824,139084103.5000
2025-08-19,sh.688248,35.7130107800,36.1617179400,35.3968761900,35.6620213300,3158009,110744519.3900
2025-08-20,sh.688248,35.5702403200,35.7945939000,35.0399500400,35.7741981200,2759002,95826632.0500
2025-08-21,sh.688248,35.7843960100,36.1413221600,35.1623247200,35.4478656400,3187683,111329333.4400
2025-08-22,sh.688248,35.4886572000,36.3452799600,35.3356888500,36.1209263800,4309703,151897304.2900
2025-08-25,sh.688248,36.1005306000,37.5792246500,36.1005306000,37.0387364800,6029830,218434034.0600
2025-08-26,sh.688248,36.8959660200,38.8539609000,36.7124040000,37.9973381400,7692392,288097517.2100
2025-08-27,sh.688248,38.1197128200,40.0573119200,37.8341719000,37.8851613500,7456727,285857524.5400
2025-08-28,sh.688248,37.9463486900,38.4154516300,36.6104251000,37.8953592400,5775425,212647675.1100
2025-08-29,sh.688248,37.9361508000,38.0993170400,37.1305174900,37.8137761200,3874775,143080991.5200
2025-09-01,sh.688248,36.8143829000,37.1305174900,35.3968761900,37.0999238200,8425857,299384233.3800
2025-09-02,sh.688248,36.8959660200,41.1790798200,36.2738947300,40.9445283500,13098438,496569745.2000
2025-09-03,sh.688248,41.3014545000,42.0051089100,40.0879055900,40.0879055900,9239856,370204225.7800
2025-09-04,sh.688248,40.7915600000,42.8209401100,40.6487895400,41.5564017500,12278973,500979006.6700
2025-09-05,sh.688248,41.6073912000,46.8695024400,41.2402671600,45.3602147200,12778313,553056269.5600
2025-09-08,sh.688248,45.1766527000,48.5929458500,43.0452936900,47.2774180400,16283955,716821877.5800
2025-09-09,sh.688248,45.8905050000,46.9816792300,45.1358611400,45.5437767400,8054577,362690217.0200
2025-09-10,sh.688248,45.0746738000,46.5023784000,44.3710193900,44.8605181100,7131271,316103736.9600
2025-09-11,sh.688248,45.3806105000,49.2150171400,44.8707160000,48.7255184200,11183212,520640815.0000
2025-09-12,sh.688248,49.2048192500,53.0290280000,47.6649378600,50.9894500000,12189791,597805641.9900
2025-09-15,sh.688248,51.9786453300,54.0488170000,49.7147137500,50.2755977000,11766853,599343070.5300
2025-09-16,sh.688248,50.9792521100,51.6013234000,48.8682888800,51.1832099100,7851027,385998065.9400
2025-09-17,sh.688248,51.6013234000,53.0086322200,50.3775766000,51.9276558800,6892254,349041278.7700
2025-09-18,sh.688248,51.8562706500,52.1724052400,49.1742255800,50.0716399000,8212207,408545872.0900
2025-09-19,sh.688248,49.6127348500,53.5389225000,49.6127348500,51.9786453300,7682598,390655936.0700
2025-09-22,sh.688248,51.9990411100,54.3547537000,50.6223259600,53.0086322200,6413218,329492238.5900
2025-09-23,sh.688248,52.9984343300,57.3325375800,52.5803208400,55.9048329800,9915643,534322328.3600
2025-09-24,sh.688248,55.6804794000,61.1261526600,54.9258355400,59.1375641100,15059476,867553450.9400
2025-09-25,sh.688248,59.1375641100,60.0043847600,56.9042262000,57.7710468500,8175129,467644506.0600
2025-09-26,sh.688248,57.7710468500,58.1279730000,56.2107696800,56.9960072100,5271745,294770015.5400
2025-09-29,sh.688248,57.5568911600,62.3702952400,57.1081840000,60.7692265100,8576460,503215985.5800
2025-09-30,sh.688248,60.4734877000,62.5028678100,60.1675510000,61.7992134000,6333116,381394207.3800
2025-10-09,sh.688248,62.1561395500,62.2071290000,56.4249253700,59.8004269600,12341276,713531333.6000
2025-10-10,sh.688248,58.3319308000,60.1471552200,58.0871814400,58.5052949300,5283904,305465124.5300
2025-10-13,sh.688248,55.0686060000,57.1081840000,53.8550570900,55.9354266500,8095778,441558829.2700
2025-10-14,sh.688248,56.0883950000,57.1897671200,53.5389225000,54.1813895700,7815511,424737152.1700
2025-10-15,sh.688248,53.5593182800,58.5970759400,51.4993445000,58.4950970400,8593653,468440753.2700
2025-10-16,sh.688248,58.1279730000,59.5046881500,57.1183818900,57.9138173100,5294231,302386945.7100
2025-10-17,sh.688248,57.7710468500,57.8934215300,55.1297933400,55.5071152700,3358103,184512558.6600
2025-10-20,sh.688248,56.0679992200,59.5148860400,56.0679992200,59.0457831000,5957029,340750805.7600
2025-10-21,sh.688248,59.4536987000,60.7794244000,58.6378675000,60.1267594400,5412224,318595320.6400
2025-10-22,sh.688248,61.2383294500,61.2383294500,56.2617591300,58.4543054800,9650155,552305848.1000
2025-10-23,sh.688248,59.9126037500,59.9126037500,54.0794106700,56.0781971100,6901242,378040532.3500
2025-10-24,sh.688248,56.2923528000,57.4141207000,54.1711916800,54.7728671900,6394271,345081633.0400
2025-10-27,sh.688248,55.2215743500,58.0769835500,55.2215743500,57.8016405200,7256422,404879979.7300
2025-10-28,sh.688248,57.1081840000,57.8016405200,54.0794106700,54.4057431500,6793634,367877611.1300
2025-10-29,sh.688248,54.2425769100,54.8646482000,52.9474448800,53.8448592000,6305915,331739114.8100
2025-10-30,sh.688248,54.0386191100,55.9660203200,53.3961520400,54.3445558100,5329437,287297810.2600
2025-10-31,sh.688248,54.0590148900,55.4561258200,53.9978275500,54.0998064500,3848784,206270122.6000
